event_id,source_type,timestamp,device,resource_name,resource_type,event_type,severity,message,label,duplicate_of,dedup_sources,dedup_evidence,dedup_reason,dedup_confidence,correlation_group,corr_sources,corr_evidence,corr_reason,corr_confidence,similarity_score
NET-3a04206917,network_event,2025-10-28T14:00:00,edge-router-dc1,te0/0/1,Interface,INTERFACE_DOWN,Critical,Interface Te0/0/1 is DOWN. No carrier detected.,CORRELATED,,,,,0.0%,CORR-GRP-0001,network_event|nms_event|syslog,NET-3a04206917|SYS-f9995b5ef3|ALARM-30926|NET-554199988f|ALARM-65392|SYS-c505645ae2,"The fault on edge-router-dc1 was detected by confirmed by NMS alarm, network telemetry, and syslog. The interface Te0/0/1 is DOWN, with no carrier detected, and this has cascading effects on routing and BGP sessions.",95.0%,0.0
NET-782752e484,network_event,2025-10-28T14:01:00,core-router-dc1,gi0/1/0,Interface,PACKET_DROP,Minor,Input packet drops on Gi0/1/0: 120 drops/min. Queue congestion.,DUPLICATE,NET-2f3e2f827a,network_event,NET-2f3e2f827a|NET-782752e484|NET-ef60babb1d|NET-33db705b68,"The packet drop on core-router-dc1's Gi0/1/0 was detected by network_event within the same time window, indicating a link failure.",95.0%,,,,,0.0%,0.0
NET-c83034664b,network_event,2025-10-28T14:01:00,edge-router-dc1,te0/0/1,Routing,INTERFACE_DOWN,Critical,OSPF neighbor isp-b-peer lost via Te0/0/1. Adjacency dropped.,CORRELATED,,,,,0.0%,CORR-GRP-0002,network_event|syslog,NET-c83034664b|SYS-64ccff2131|SYS-e33f2df69c,"The edge-router-dc1 experienced a network adjacency loss on Te0/0/1, confirmed by network telemetry (network_event) and syslog messages (SYS-64ccff2131, SYS-e33f2df69c), resulting in OSPF neighbor isp-b-peer going down and BGP adjacency dropping.",95.0%,0.0
NET-ece4ddaf02,network_event,2025-10-28T14:02:00,core-router-dc2,gi0/1/1,Interface,INTERFACE_DOWN,Critical,Interface Gi0/1/1 is DOWN. No carrier detected.,CORRELATED,,,,,0.0%,CORR-GRP-0005,network_event|nms_event|syslog,NET-ece4ddaf02|SYS-4bcef8e66c|ALARM-13905|NET-cb8abd3dcb|ALARM-22280|SYS-b53eb00bd8,"The fault on core-router-dc2 was detected by confirmed by NMS alarm, network telemetry, and syslog, with interface Gi0/1/1 experiencing an outage, no carrier detected, and BGP session failure.",95.0%,0.0
NET-554199988f,network_event,2025-10-28T14:02:00,edge-router-dc1,te0/0/1,Routing,INTERFACE_DOWN,Critical,BGP session with isp-b-peer down — interface Te0/0/1 unreachable.,CORRELATED,,,,,0.0%,CORR-GRP-0001,network_event|nms_event|syslog,NET-3a04206917|SYS-f9995b5ef3|ALARM-30926|NET-554199988f|ALARM-65392|SYS-c505645ae2,"The fault on edge-router-dc1 was detected by confirmed by NMS alarm, network telemetry, and syslog. The interface Te0/0/1 is DOWN, with no carrier detected, and this has cascading effects on routing and BGP sessions.",95.0%,0.7748
NET-9f68c9db31,network_event,2025-10-28T14:03:00,core-router-dc2,gi0/1/1,Routing,INTERFACE_DOWN,Critical,OSPF neighbor core-router-dc1 lost via Gi0/1/1. Adjacency dropped.,UNIQUE,,,,,0.0%,,,,,0.0%,0.0
NET-cb8abd3dcb,network_event,2025-10-28T14:04:00,core-router-dc2,gi0/1/1,Routing,INTERFACE_DOWN,Critical,BGP session with core-router-dc1 down — interface Gi0/1/1 unreachable.,CORRELATED,,,,,0.0%,CORR-GRP-0005,network_event|nms_event|syslog,NET-ece4ddaf02|SYS-4bcef8e66c|ALARM-13905|NET-cb8abd3dcb|ALARM-22280|SYS-b53eb00bd8,"The fault on core-router-dc2 was detected by confirmed by NMS alarm, network telemetry, and syslog, with interface Gi0/1/1 experiencing an outage, no carrier detected, and BGP session failure.",95.0%,0.7999
NET-54236d7c9c,network_event,2025-10-28T14:04:00,backbone-pe1,gi0/1/0,Interface,PACKET_DROP,Minor,Input packet drops on Gi0/1/0: 120 drops/min. Queue congestion.,DUPLICATE,NET-681e28addc,network_event,NET-681e28addc|NET-54236d7c9c|NET-736daa6766|NET-20b0651621,"The packet drop on backbone-pe1/Gi0/1/0 was detected by network_event within the same time window, indicating a link failure.",95.0%,,,,,0.0%,0.0
NET-0e863737bf,network_event,2025-10-28T14:05:00,edge-router-dc2,te0/0/0,Interface,HIGH_UTIL_WARNING,Minor,Interface Te0/0/0 utilization at 55%. Trending upward.,DUPLICATE,ALARM-59797,network_event|nms_event,ALARM-59797|NET-0e863737bf|NET-411eaaa162|NET-99d2b1fdba|NET-3de6169b25,"The high interface utilization warning on edge-router-dc2's Te0/0/0 was detected by network_event and nms_event within the same time window, indicating a duplicate event.",95.0%,,,,,0.0%,0.0
NET-2096736369,network_event,2025-10-28T14:05:00,firewall-dc1,cpu,Processor,HIGH_CPU,Minor,CPU usage at 65%. Monitoring elevated load.,DUPLICATE,ALARM-40512,network_event|nms_event,ALARM-40512|NET-2096736369|NET-7718b2b573|NET-1fd8c897d8,"The high CPU utilization on firewall-dc1's cpu interface was detected by network_event and nms_event within the same time window, indicating a duplicate event.",95.0%,,,,,0.0%,0.0
NET-ef60babb1d,network_event,2025-10-28T14:06:00,core-router-dc1,gi0/1/0,Interface,PACKET_DROP,Major,Packet drop rate on Gi0/1/0 increasing: 850 drops/min. SLA impact.,DUPLICATE,NET-2f3e2f827a,network_event,NET-2f3e2f827a|NET-782752e484|NET-ef60babb1d|NET-33db705b68,"The packet drop on core-router-dc1's Gi0/1/0 was detected by network_event within the same time window, indicating a link failure.",95.0%,,,,,0.0%,0.8997
NET-5927efb6bc,network_event,2025-10-28T14:06:00,core-router-dc1,cpu,Processor,HIGH_CPU,Minor,CPU usage at 65%. Monitoring elevated load.,DUPLICATE,ALARM-81482,network_event|nms_event,ALARM-81482|NET-5927efb6bc|NET-e4ebf28b62|NET-af7160977d,"The high CPU utilization on core-router-dc1's cpu interface was detected by network_event and nms_event within the same time window, indicating a duplicate event.",95.0%,,,,,0.0%,0.0
NET-f8d9b284d0,network_event,2025-10-28T14:09:00,core-router-dc1,qos-policy,QoS,PACKET_DROP,Major,QoS tail drop on Gi0/1/0: BE traffic sacrificed. 3000 pkts/sec dropped.,CORRELATED,,,,,0.0%,CORR-GRP-0010,network_event|nms_event,NET-f8d9b284d0|ALARM-42098,"The QoS tail drop on Gi0/1/0 of core-router-dc1 was detected by both network telemetry and NMS alarm, indicating a significant network condition.",95.0%,0.0
NET-edaa24df57,network_event,2025-10-28T14:09:00,edge-router-dc2,te0/0/1,Interface,HIGH_UTIL_WARNING,Minor,Interface Te0/0/1 utilization at 55%. Trending upward.,DUPLICATE,ALARM-38221,network_event|nms_event,ALARM-38221|NET-edaa24df57|NET-fbb8c9fb6a|NET-54a70f116c|NET-72b29e100c,"The high utilization warning on edge-router-dc2's Te0/0/1 interface was detected by network_event and nms_event within the same time window, indicating a duplicate event.",95.0%,,,,,0.0%,0.0
NET-736daa6766,network_event,2025-10-28T14:09:00,backbone-pe1,gi0/1/0,Interface,PACKET_DROP,Major,Packet drop rate on Gi0/1/0 increasing: 850 drops/min. SLA impact.,DUPLICATE,NET-681e28addc,network_event,NET-681e28addc|NET-54236d7c9c|NET-736daa6766|NET-20b0651621,"The packet drop on backbone-pe1/Gi0/1/0 was detected by network_event within the same time window, indicating a link failure.",95.0%,,,,,0.0%,0.9024
NET-411eaaa162,network_event,2025-10-28T14:10:00,edge-router-dc2,te0/0/0,Interface,HIGH_UTIL_WARNING,Minor,Interface Te0/0/0 utilization at 65%. Above warning threshold.,DUPLICATE,ALARM-59797,network_event|nms_event,ALARM-59797|NET-0e863737bf|NET-411eaaa162|NET-99d2b1fdba|NET-3de6169b25,"The high interface utilization warning on edge-router-dc2's Te0/0/0 was detected by network_event and nms_event within the same time window, indicating a duplicate event.",95.0%,,,,,0.0%,0.9304
NET-7718b2b573,network_event,2025-10-28T14:10:00,firewall-dc1,cpu,Processor,HIGH_CPU,Major,CPU usage reached 78%. Process scheduling impacted.,DUPLICATE,ALARM-40512,network_event|nms_event,ALARM-40512|NET-2096736369|NET-7718b2b573|NET-1fd8c897d8,"The high CPU utilization on firewall-dc1's cpu interface was detected by network_event and nms_event within the same time window, indicating a duplicate event.",95.0%,,,,,0.0%,0.8994
NET-33db705b68,network_event,2025-10-28T14:11:00,core-router-dc1,gi0/1/0,Interface,PACKET_DROP,Major,Output queue drops on Gi0/1/0: 600 drops/min — transmit ring full.,DUPLICATE,NET-2f3e2f827a,network_event,NET-2f3e2f827a|NET-782752e484|NET-ef60babb1d|NET-33db705b68,"The packet drop on core-router-dc1's Gi0/1/0 was detected by network_event within the same time window, indicating a link failure.",95.0%,,,,,0.0%,0.9247
NET-e4ebf28b62,network_event,2025-10-28T14:11:00,core-router-dc1,cpu,Processor,HIGH_CPU,Major,CPU usage reached 78%. Process scheduling impacted.,DUPLICATE,ALARM-81482,network_event|nms_event,ALARM-81482|NET-5927efb6bc|NET-e4ebf28b62|NET-af7160977d,"The high CPU utilization on core-router-dc1's cpu interface was detected by network_event and nms_event within the same time window, indicating a duplicate event.",95.0%,,,,,0.0%,0.9054
NET-f50606efcb,network_event,2025-10-28T14:12:00,access-switch-floor2,gi0/1,Interface,INTERFACE_DOWN,Critical,Interface Gi0/1 is DOWN. No carrier detected.,CORRELATED,,,,,0.0%,CORR-GRP-0012,network_event|nms_event|syslog,NET-f50606efcb|SYS-8dfbb6ef64|ALARM-19116|NET-598f1e0c95,"The fault on access-switch-floor2 was detected by confirmed by NMS alarm, network telemetry, and syslog. The interface Gi0/1 experienced an outage with no carrier detected, impacting BGP sessions.",95.0%,0.0
NET-cecef6a294,network_event,2025-10-28T14:12:00,backbone-pe1,qos-policy,QoS,PACKET_DROP,Major,QoS tail drop on Gi0/1/0: BE traffic sacrificed. 3000 pkts/sec dropped.,CORRELATED,,,,,0.0%,CORR-GRP-0018,network_event|nms_event,NET-cecef6a294|ALARM-93227,"The QoS tail drop on Gi0/1/0 of backbone-pe1 was detected by both network telemetry (network_event) and NMS alarm (nms_event), indicating a significant network condition.",95.0%,0.0
NET-2f3e2f827a,network_event,2025-10-28T14:13:00,core-router-dc1,gi0/1/0,Interface,PACKET_DROP,Critical,Critical packet loss on Gi0/1/0: 4200 drops/min. Blackholing risk.,CORRELATED,,,,,0.0%,CORR-GRP-0009,network_event|nms_event|syslog,SYS-d96481a451|ALARM-46048|SYS-7b0e806f09|NET-2f3e2f827a|SYS-682159a4ab|SYS-fe5714a958,"The packet drop fault on core-router-dc1's Gi0/1/0 interface was detected by NMS alarm, network telemetry, and syslog, indicating a critical packet loss condition with blackholing risk.",95.0%,0.8845
NET-e9c5ec36b0,network_event,2025-10-28T14:13:00,access-switch-floor2,gi0/1,Routing,INTERFACE_DOWN,Critical,OSPF neighbor core-router-dc1 lost via Gi0/1. Adjacency dropped.,CORRELATED,,,,,0.0%,CORR-GRP-0013,network_event|nms_event,NET-e9c5ec36b0|ALARM-16006,"The OSPF neighbor adjacency loss on access-switch-floor2 was detected by both network telemetry (device telemetry) and NMS alarm, indicating a Gi0/1 interface failure.",95.0%,0.0
NET-fbb8c9fb6a,network_event,2025-10-28T14:14:00,edge-router-dc2,te0/0/1,Interface,HIGH_UTIL_WARNING,Minor,Interface Te0/0/1 utilization at 65%. Above warning threshold.,DUPLICATE,ALARM-38221,network_event|nms_event,ALARM-38221|NET-edaa24df57|NET-fbb8c9fb6a|NET-54a70f116c|NET-72b29e100c,"The high utilization warning on edge-router-dc2's Te0/0/1 interface was detected by network_event and nms_event within the same time window, indicating a duplicate event.",95.0%,,,,,0.0%,0.9348
NET-598f1e0c95,network_event,2025-10-28T14:14:00,access-switch-floor2,gi0/1,Routing,INTERFACE_DOWN,Critical,BGP session with core-router-dc1 down — interface Gi0/1 unreachable.,CORRELATED,,,,,0.0%,CORR-GRP-0012,network_event|nms_event|syslog,NET-f50606efcb|SYS-8dfbb6ef64|ALARM-19116|NET-598f1e0c95,"The fault on access-switch-floor2 was detected by confirmed by NMS alarm, network telemetry, and syslog. The interface Gi0/1 experienced an outage with no carrier detected, impacting BGP sessions.",95.0%,0.7574
NET-20b0651621,network_event,2025-10-28T14:14:00,backbone-pe1,gi0/1/0,Interface,PACKET_DROP,Major,Output queue drops on Gi0/1/0: 600 drops/min — transmit ring full.,DUPLICATE,NET-681e28addc,network_event,NET-681e28addc|NET-54236d7c9c|NET-736daa6766|NET-20b0651621,"The packet drop on backbone-pe1/Gi0/1/0 was detected by network_event within the same time window, indicating a link failure.",95.0%,,,,,0.0%,0.93
NET-99d2b1fdba,network_event,2025-10-28T14:15:00,edge-router-dc2,te0/0/0,Interface,HIGH_UTIL_WARNING,Major,Interface Te0/0/0 utilization at 75%. Approaching capacity.,DUPLICATE,ALARM-59797,network_event|nms_event,ALARM-59797|NET-0e863737bf|NET-411eaaa162|NET-99d2b1fdba|NET-3de6169b25,"The high interface utilization warning on edge-router-dc2's Te0/0/0 was detected by network_event and nms_event within the same time window, indicating a duplicate event.",95.0%,,,,,0.0%,0.9725
NET-1fd8c897d8,network_event,2025-10-28T14:15:00,firewall-dc1,cpu,Processor,HIGH_CPU,Critical,CPU usage critical at 91%. Control plane at risk.,DUPLICATE,ALARM-40512,network_event|nms_event,ALARM-40512|NET-2096736369|NET-7718b2b573|NET-1fd8c897d8,"The high CPU utilization on firewall-dc1's cpu interface was detected by network_event and nms_event within the same time window, indicating a duplicate event.",95.0%,,,,,0.0%,0.9174
NET-af7160977d,network_event,2025-10-28T14:16:00,core-router-dc1,cpu,Processor,HIGH_CPU,Critical,CPU usage critical at 91%. Control plane at risk.,DUPLICATE,ALARM-81482,network_event|nms_event,ALARM-81482|NET-5927efb6bc|NET-e4ebf28b62|NET-af7160977d,"The high CPU utilization on core-router-dc1's cpu interface was detected by network_event and nms_event within the same time window, indicating a duplicate event.",95.0%,,,,,0.0%,0.9133
NET-681e28addc,network_event,2025-10-28T14:16:00,backbone-pe1,gi0/1/0,Interface,PACKET_DROP,Critical,Critical packet loss on Gi0/1/0: 4200 drops/min. Blackholing risk.,CORRELATED,,,,,0.0%,CORR-GRP-0017,network_event|nms_event|syslog,SYS-2b4822ced3|ALARM-89840|SYS-bfc5f0ab72|NET-681e28addc|SYS-9ba83800aa,"The fault on backbone-pe1 was detected by NMS alarm, network telemetry, and syslog, indicating a packet drop issue on Gi0/1/0, with input drops, packet loss, and QoS policy drops observed.",95.0%,0.9033
NET-54a70f116c,network_event,2025-10-28T14:19:00,edge-router-dc2,te0/0/1,Interface,HIGH_UTIL_WARNING,Major,Interface Te0/0/1 utilization at 75%. Approaching capacity.,DUPLICATE,ALARM-38221,network_event|nms_event,ALARM-38221|NET-edaa24df57|NET-fbb8c9fb6a|NET-54a70f116c|NET-72b29e100c,"The high utilization warning on edge-router-dc2's Te0/0/1 interface was detected by network_event and nms_event within the same time window, indicating a duplicate event.",95.0%,,,,,0.0%,0.9731
NET-809cd54cdf,network_event,2025-10-28T14:22:00,access-switch-floor1,gi0/1,Interface,HIGH_UTIL_WARNING,Minor,Interface Gi0/1 utilization at 55%. Trending upward.,DUPLICATE,ALARM-89131,network_event|nms_event,ALARM-89131|NET-809cd54cdf|NET-b821040b99|NET-6f36a39bad|NET-7046c22825,"The high interface utilization warning on access-switch-floor1/Gi0/1 was detected by network_event and nms_event within the same time window, indicating a duplicate event.",95.0%,,,,,0.0%,0.0
NET-42c558ff2e,network_event,2025-10-28T14:22:00,backbone-pe1,cpu,Processor,HIGH_CPU,Minor,CPU usage at 65%. Monitoring elevated load.,DUPLICATE,ALARM-97841,network_event|nms_event,ALARM-97841|NET-42c558ff2e|NET-720b2c1c02|NET-abc1632958,"The high CPU utilization on backbone-pe1's cpu interface was detected by network_event and nms_event within the same time window, indicating a duplicate event.",95.0%,,,,,0.0%,0.0
NET-3de6169b25,network_event,2025-10-28T14:23:00,edge-router-dc2,te0/0/0,Interface,HIGH_UTIL_WARNING,Major,Interface Te0/0/0 utilization at 82%. Traffic engineering recommended.,DUPLICATE,ALARM-59797,network_event|nms_event,ALARM-59797|NET-0e863737bf|NET-411eaaa162|NET-99d2b1fdba|NET-3de6169b25,"The high interface utilization warning on edge-router-dc2's Te0/0/0 was detected by network_event and nms_event within the same time window, indicating a duplicate event.",95.0%,,,,,0.0%,0.973
NET-be80d181ff,network_event,2025-10-28T14:23:00,firewall-dc1,cpu,Processor,HIGH_CPU,Critical,CPU sustaining 95% for >5 min. Process sshd consuming highest cycles.,DUPLICATE,ALARM-23238,network_event|nms_event,ALARM-23238|NET-be80d181ff,"The CPU sustaining high utilization on firewall-dc1's cpu interface was detected by network_event and nms_event within the same time window, indicating a duplicate event.",95.0%,,,,,0.0%,0.8827
NET-a6e9f7f8a1,network_event,2025-10-28T14:24:00,core-router-dc1,cpu,Processor,HIGH_CPU,Critical,CPU sustaining 95% for >5 min. Process snmpd consuming highest cycles.,DUPLICATE,ALARM-21395,network_event|nms_event,ALARM-21395|NET-a6e9f7f8a1,"The CPU sustaining high utilization on core-router-dc1's cpu interface was detected by network_event and nms_event within the same time window, indicating a duplicate event.",95.0%,,,,,0.0%,0.8909
NET-72b29e100c,network_event,2025-10-28T14:27:00,edge-router-dc2,te0/0/1,Interface,HIGH_UTIL_WARNING,Major,Interface Te0/0/1 utilization at 82%. Traffic engineering recommended.,DUPLICATE,ALARM-38221,network_event|nms_event,ALARM-38221|NET-edaa24df57|NET-fbb8c9fb6a|NET-54a70f116c|NET-72b29e100c,"The high utilization warning on edge-router-dc2's Te0/0/1 interface was detected by network_event and nms_event within the same time window, indicating a duplicate event.",95.0%,,,,,0.0%,0.9724
NET-b821040b99,network_event,2025-10-28T14:27:00,access-switch-floor1,gi0/1,Interface,HIGH_UTIL_WARNING,Minor,Interface Gi0/1 utilization at 65%. Above warning threshold.,DUPLICATE,ALARM-89131,network_event|nms_event,ALARM-89131|NET-809cd54cdf|NET-b821040b99|NET-6f36a39bad|NET-7046c22825,"The high interface utilization warning on access-switch-floor1/Gi0/1 was detected by network_event and nms_event within the same time window, indicating a duplicate event.",95.0%,,,,,0.0%,0.9449
NET-720b2c1c02,network_event,2025-10-28T14:27:00,backbone-pe1,cpu,Processor,HIGH_CPU,Major,CPU usage reached 78%. Process scheduling impacted.,DUPLICATE,ALARM-97841,network_event|nms_event,ALARM-97841|NET-42c558ff2e|NET-720b2c1c02|NET-abc1632958,"The high CPU utilization on backbone-pe1's cpu interface was detected by network_event and nms_event within the same time window, indicating a duplicate event.",95.0%,,,,,0.0%,0.9099
NET-ec3552c9e7,network_event,2025-10-28T14:29:00,access-switch-floor1,fa0/1,Interface,INTERFACE_DOWN,Critical,Interface Fa0/1 is DOWN. No carrier detected.,CORRELATED,,,,,0.0%,CORR-GRP-0021,network_event|nms_event|syslog,NET-ec3552c9e7|SYS-ed8f36e463|ALARM-80284|NET-145aef0355,"The interface Fa0/1 on access-switch-floor1 experienced a failure, confirmed by NMS alarm, network telemetry, and syslog, indicating a critical outage with no carrier detected.",95.0%,0.0
NET-17aea8e4bd,network_event,2025-10-28T14:29:00,firewall-dc1,eth1,Interface,INTERFACE_DOWN,Critical,Interface eth1 is DOWN. No carrier detected.,CORRELATED,,,,,0.0%,CORR-GRP-0027,network_event|syslog,NET-17aea8e4bd|SYS-58701e3f14|NET-4e0dc8a604|SYS-bca9b50aad,"The interface eth1 outage on firewall-dc1 was detected by network telemetry (network_event) and syslog, indicating a loss of carrier and BGP session issues.",95.0%,0.0
NET-a1de516f7b,network_event,2025-10-28T14:30:00,access-switch-floor1,fa0/1,Routing,INTERFACE_DOWN,Critical,OSPF neighbor workstation-101 lost via Fa0/1. Adjacency dropped.,CORRELATED,,,,,0.0%,CORR-GRP-0022,network_event|nms_event,NET-a1de516f7b|ALARM-26361,"The OSPF adjacency loss on access-switch-floor1 was detected by both network telemetry (device telemetry) and NMS alarm, indicating a failure on interface Fa0/1.",95.0%,0.0
NET-3d3c3edf4b,network_event,2025-10-28T14:30:00,firewall-dc1,eth1,Routing,INTERFACE_DOWN,Critical,OSPF neighbor dmz-switch lost via eth1. Adjacency dropped.,CORRELATED,,,,,0.0%,CORR-GRP-0028,network_event|syslog,NET-3d3c3edf4b|SYS-442decce6d|SYS-8c6d59250f,"The OSPF adjacency loss on firewall-dc1's eth1 interface, confirmed by network telemetry (network_event) and syslog messages (SYS-442decce6d and SYS-8c6d59250f), indicates a network fault. The BGP neighbor dmz-switch went down due to interface failure.",95.0%,0.0
NET-145aef0355,network_event,2025-10-28T14:31:00,access-switch-floor1,fa0/1,Routing,INTERFACE_DOWN,Critical,BGP session with workstation-101 down — interface Fa0/1 unreachable.,CORRELATED,,,,,0.0%,CORR-GRP-0021,network_event|nms_event|syslog,NET-ec3552c9e7|SYS-ed8f36e463|ALARM-80284|NET-145aef0355,"The interface Fa0/1 on access-switch-floor1 experienced a failure, confirmed by NMS alarm, network telemetry, and syslog, indicating a critical outage with no carrier detected.",95.0%,0.7306
NET-4e0dc8a604,network_event,2025-10-28T14:31:00,firewall-dc1,eth1,Routing,INTERFACE_DOWN,Critical,BGP session with dmz-switch down — interface eth1 unreachable.,CORRELATED,,,,,0.0%,CORR-GRP-0027,network_event|syslog,NET-17aea8e4bd|SYS-58701e3f14|NET-4e0dc8a604|SYS-bca9b50aad,"The interface eth1 outage on firewall-dc1 was detected by network telemetry (network_event) and syslog, indicating a loss of carrier and BGP session issues.",95.0%,0.7627
NET-5c84a687ff,network_event,2025-10-28T14:32:00,core-router-dc2,cpu,Processor,HIGH_CPU,Minor,CPU usage at 65%. Monitoring elevated load.,DUPLICATE,ALARM-13478,network_event|nms_event,ALARM-13478|NET-5c84a687ff|NET-7ebf74c199|NET-4106bf1568,"The high CPU utilization on core-router-dc2's cpu interface was detected by network_event and nms_event within the same time window, indicating a duplicate event.",95.0%,,,,,0.0%,0.0
NET-6f36a39bad,network_event,2025-10-28T14:32:00,access-switch-floor1,gi0/1,Interface,HIGH_UTIL_WARNING,Major,Interface Gi0/1 utilization at 75%. Approaching capacity.,DUPLICATE,ALARM-89131,network_event|nms_event,ALARM-89131|NET-809cd54cdf|NET-b821040b99|NET-6f36a39bad|NET-7046c22825,"The high interface utilization warning on access-switch-floor1/Gi0/1 was detected by network_event and nms_event within the same time window, indicating a duplicate event.",95.0%,,,,,0.0%,0.9744
NET-abc1632958,network_event,2025-10-28T14:32:00,backbone-pe1,cpu,Processor,HIGH_CPU,Critical,CPU usage critical at 91%. Control plane at risk.,DUPLICATE,ALARM-97841,network_event|nms_event,ALARM-97841|NET-42c558ff2e|NET-720b2c1c02|NET-abc1632958,"The high CPU utilization on backbone-pe1's cpu interface was detected by network_event and nms_event within the same time window, indicating a duplicate event.",95.0%,,,,,0.0%,0.9193
NET-7ce31a64ab,network_event,2025-10-28T14:34:00,edge-router-dc1,cpu,Processor,HIGH_CPU,Minor,CPU usage at 65%. Monitoring elevated load.,DUPLICATE,ALARM-38893,network_event|nms_event,ALARM-38893|NET-7ce31a64ab|NET-43686c4300|NET-f3a4b4b63c,"The high CPU utilization on edge-router-dc1's cpu interface was detected by network_event and nms_event within the same time window, indicating a duplicate event.",95.0%,,,,,0.0%,0.0
NET-a2686c4d1f,network_event,2025-10-28T14:35:00,access-switch-floor2,fa0/1,Interface,PACKET_DROP,Minor,Input packet drops on Fa0/1: 120 drops/min. Queue congestion.,DUPLICATE,NET-05cedd275f,network_event,NET-05cedd275f|NET-a2686c4d1f|NET-2df1a2c93a|NET-4109f05f2c,"The packet drop on access-switch-floor2/Fa0/1 was detected by network_event within the same time window, indicating a link failure.",95.0%,,,,,0.0%,0.0
NET-7ebf74c199,network_event,2025-10-28T14:37:00,core-router-dc2,cpu,Processor,HIGH_CPU,Major,CPU usage reached 78%. Process scheduling impacted.,DUPLICATE,ALARM-13478,network_event|nms_event,ALARM-13478|NET-5c84a687ff|NET-7ebf74c199|NET-4106bf1568,"The high CPU utilization on core-router-dc2's cpu interface was detected by network_event and nms_event within the same time window, indicating a duplicate event.",95.0%,,,,,0.0%,0.9021
NET-43686c4300,network_event,2025-10-28T14:39:00,edge-router-dc1,cpu,Processor,HIGH_CPU,Major,CPU usage reached 78%. Process scheduling impacted.,DUPLICATE,ALARM-38893,network_event|nms_event,ALARM-38893|NET-7ce31a64ab|NET-43686c4300|NET-f3a4b4b63c,"The high CPU utilization on edge-router-dc1's cpu interface was detected by network_event and nms_event within the same time window, indicating a duplicate event.",95.0%,,,,,0.0%,0.9181
NET-7046c22825,network_event,2025-10-28T14:40:00,access-switch-floor1,gi0/1,Interface,HIGH_UTIL_WARNING,Major,Interface Gi0/1 utilization at 82%. Traffic engineering recommended.,DUPLICATE,ALARM-89131,network_event|nms_event,ALARM-89131|NET-809cd54cdf|NET-b821040b99|NET-6f36a39bad|NET-7046c22825,"The high interface utilization warning on access-switch-floor1/Gi0/1 was detected by network_event and nms_event within the same time window, indicating a duplicate event.",95.0%,,,,,0.0%,0.969
NET-2df1a2c93a,network_event,2025-10-28T14:40:00,access-switch-floor2,fa0/1,Interface,PACKET_DROP,Major,Packet drop rate on Fa0/1 increasing: 850 drops/min. SLA impact.,DUPLICATE,NET-05cedd275f,network_event,NET-05cedd275f|NET-a2686c4d1f|NET-2df1a2c93a|NET-4109f05f2c,"The packet drop on access-switch-floor2/Fa0/1 was detected by network_event within the same time window, indicating a link failure.",95.0%,,,,,0.0%,0.8886
NET-254686f2e8,network_event,2025-10-28T14:40:00,backbone-pe1,cpu,Processor,HIGH_CPU,Critical,CPU sustaining 95% for >5 min. Process ospf consuming highest cycles.,CORRELATED,,,,,0.0%,CORR-GRP-0020,network_event|nms_event,ALARM-44993|NET-254686f2e8,"The CPU utilization on backbone-pe1's cpu interface exceeded 90% due to high OSPF process consumption, confirmed by both NMS alarm and network telemetry.",95.0%,0.8749
NET-4106bf1568,network_event,2025-10-28T14:42:00,core-router-dc2,cpu,Processor,HIGH_CPU,Critical,CPU usage critical at 91%. Control plane at risk.,DUPLICATE,ALARM-13478,network_event|nms_event,ALARM-13478|NET-5c84a687ff|NET-7ebf74c199|NET-4106bf1568,"The high CPU utilization on core-router-dc2's cpu interface was detected by network_event and nms_event within the same time window, indicating a duplicate event.",95.0%,,,,,0.0%,0.9106
NET-438632a9b3,network_event,2025-10-28T14:43:00,access-switch-floor2,qos-policy,QoS,PACKET_DROP,Major,QoS tail drop on Fa0/1: BE traffic sacrificed. 3000 pkts/sec dropped.,CORRELATED,,,,,0.0%,CORR-GRP-0015,network_event|nms_event,ALARM-48427|NET-438632a9b3|ALARM-92397|NET-05cedd275f,"The packet drop fault on access-switch-floor2's Fa0/1 interface was detected by NMS alarm and network telemetry, indicating a critical packet loss condition.",95.0%,0.7405
NET-f3a4b4b63c,network_event,2025-10-28T14:44:00,edge-router-dc1,cpu,Processor,HIGH_CPU,Critical,CPU usage critical at 91%. Control plane at risk.,DUPLICATE,ALARM-38893,network_event|nms_event,ALARM-38893|NET-7ce31a64ab|NET-43686c4300|NET-f3a4b4b63c,"The high CPU utilization on edge-router-dc1's cpu interface was detected by network_event and nms_event within the same time window, indicating a duplicate event.",95.0%,,,,,0.0%,0.9275
NET-4109f05f2c,network_event,2025-10-28T14:45:00,access-switch-floor2,fa0/1,Interface,PACKET_DROP,Major,Output queue drops on Fa0/1: 600 drops/min — transmit ring full.,DUPLICATE,NET-05cedd275f,network_event,NET-05cedd275f|NET-a2686c4d1f|NET-2df1a2c93a|NET-4109f05f2c,"The packet drop on access-switch-floor2/Fa0/1 was detected by network_event within the same time window, indicating a link failure.",95.0%,,,,,0.0%,0.9122
NET-05cedd275f,network_event,2025-10-28T14:47:00,access-switch-floor2,fa0/1,Interface,PACKET_DROP,Critical,Critical packet loss on Fa0/1: 4200 drops/min. Blackholing risk.,CORRELATED,,,,,0.0%,CORR-GRP-0015,network_event|nms_event,ALARM-48427|NET-438632a9b3|ALARM-92397|NET-05cedd275f,"The packet drop fault on access-switch-floor2's Fa0/1 interface was detected by NMS alarm and network telemetry, indicating a critical packet loss condition.",95.0%,0.8806
NET-a0fe7f43fc,network_event,2025-10-28T14:50:00,core-router-dc2,cpu,Processor,HIGH_CPU,Critical,CPU sustaining 95% for >5 min. Process netflow consuming highest cycles.,CORRELATED,,,,,0.0%,CORR-GRP-0008,network_event|nms_event|syslog,ALARM-13478|ALARM-83563|SYS-c07b1d6d22|NET-a0fe7f43fc,"The CPU utilization on core-router-dc2 exceeded 80% and sustained above 90% for >5 minutes, confirmed by NMS alarm, network telemetry, and syslog. This indicates a control plane risk and protection activation.",95.0%,0.784
NET-185b52fcf5,network_event,2025-10-28T14:52:00,edge-router-dc1,cpu,Processor,HIGH_CPU,Critical,CPU sustaining 95% for >5 min. Process fib-mgr consuming highest cycles.,DUPLICATE,ALARM-68878,network_event|nms_event,ALARM-68878|NET-185b52fcf5,"The high CPU utilization on edge-router-dc1's cpu interface, caused by process fib-mgr, was detected by both network_event and nms_event within the same time window.",95.0%,,,,,0.0%,0.883
ALARM-30926,nms_event,2025-10-28T14:01:00,edge-router-dc1,te0/0/1,interface,NMS_ALARM,ALARM,CRITICAL: Interface Te0/0/1 on edge-router-dc1 DOWN — no recovery. Outage declared.,CORRELATED,,,,,0.0%,CORR-GRP-0001,network_event|nms_event|syslog,NET-3a04206917|SYS-f9995b5ef3|ALARM-30926|NET-554199988f|ALARM-65392|SYS-c505645ae2,"The fault on edge-router-dc1 was detected by confirmed by NMS alarm, network telemetry, and syslog. The interface Te0/0/1 is DOWN, with no carrier detected, and this has cascading effects on routing and BGP sessions.",95.0%,0.8219
ALARM-13905,nms_event,2025-10-28T14:03:00,core-router-dc2,gi0/1/1,interface,NMS_ALARM,ALARM,CRITICAL: Interface Gi0/1/1 on core-router-dc2 DOWN — no recovery. Outage declared.,CORRELATED,,,,,0.0%,CORR-GRP-0005,network_event|nms_event|syslog,NET-ece4ddaf02|SYS-4bcef8e66c|ALARM-13905|NET-cb8abd3dcb|ALARM-22280|SYS-b53eb00bd8,"The fault on core-router-dc2 was detected by confirmed by NMS alarm, network telemetry, and syslog, with interface Gi0/1/1 experiencing an outage, no carrier detected, and BGP session failure.",95.0%,0.8114
ALARM-65392,nms_event,2025-10-28T14:03:00,edge-router-dc1,routing,routing,NMS_ALARM,ALARM,Routing adjacency lost on edge-router-dc1 due to interface Te0/0/1 failure,CORRELATED,,,,,0.0%,CORR-GRP-0001,network_event|nms_event|syslog,NET-3a04206917|SYS-f9995b5ef3|ALARM-30926|NET-554199988f|ALARM-65392|SYS-c505645ae2,"The fault on edge-router-dc1 was detected by confirmed by NMS alarm, network telemetry, and syslog. The interface Te0/0/1 is DOWN, with no carrier detected, and this has cascading effects on routing and BGP sessions.",95.0%,0.7595
ALARM-22280,nms_event,2025-10-28T14:05:00,core-router-dc2,routing,routing,NMS_ALARM,ALARM,Routing adjacency lost on core-router-dc2 due to interface Gi0/1/1 failure,CORRELATED,,,,,0.0%,CORR-GRP-0005,network_event|nms_event|syslog,NET-ece4ddaf02|SYS-4bcef8e66c|ALARM-13905|NET-cb8abd3dcb|ALARM-22280|SYS-b53eb00bd8,"The fault on core-router-dc2 was detected by confirmed by NMS alarm, network telemetry, and syslog, with interface Gi0/1/1 experiencing an outage, no carrier detected, and BGP session failure.",95.0%,0.7413
ALARM-46048,nms_event,2025-10-28T14:07:00,core-router-dc1,gi0/1/0,interface,NMS_ALARM,ALARM,Packet drop alert on Gi0/1/0 at core-router-dc1: 850 drops/min (threshold: 100/min),CORRELATED,,,,,0.0%,CORR-GRP-0009,network_event|nms_event|syslog,SYS-d96481a451|ALARM-46048|SYS-7b0e806f09|NET-2f3e2f827a|SYS-682159a4ab|SYS-fe5714a958,"The packet drop fault on core-router-dc1's Gi0/1/0 interface was detected by NMS alarm, network telemetry, and syslog, indicating a critical packet loss condition with blackholing risk.",95.0%,0.8179
ALARM-42098,nms_event,2025-10-28T14:10:00,core-router-dc1,qos-policy,qos,NMS_ALARM,ALARM,QoS tail drop threshold exceeded on core-router-dc1 Gi0/1/0 — SLA breach imminent,CORRELATED,,,,,0.0%,CORR-GRP-0010,network_event|nms_event,NET-f8d9b284d0|ALARM-42098,"The QoS tail drop on Gi0/1/0 of core-router-dc1 was detected by both network telemetry and NMS alarm, indicating a significant network condition.",95.0%,0.8415
ALARM-89840,nms_event,2025-10-28T14:10:00,backbone-pe1,gi0/1/0,interface,NMS_ALARM,ALARM,Packet drop alert on Gi0/1/0 at backbone-pe1: 850 drops/min (threshold: 100/min),CORRELATED,,,,,0.0%,CORR-GRP-0017,network_event|nms_event|syslog,SYS-2b4822ced3|ALARM-89840|SYS-bfc5f0ab72|NET-681e28addc|SYS-9ba83800aa,"The fault on backbone-pe1 was detected by NMS alarm, network telemetry, and syslog, indicating a packet drop issue on Gi0/1/0, with input drops, packet loss, and QoS policy drops observed.",95.0%,0.8199
ALARM-40512,nms_event,2025-10-28T14:11:00,firewall-dc1,cpu,processor,NMS_ALARM,ALARM,CPU utilization exceeded 80% on firewall-dc1 — control plane risk,CORRELATED,,,,,0.0%,CORR-GRP-0025,nms_event|syslog,ALARM-40512|ALARM-23238|SYS-08a25beb30|ALARM-93320|ALARM-57819,"The CPU utilization exceeded 80% on firewall-dc1, confirmed by NMS alarm and syslog, which led to CPU sustaining >90% and eventually caused the interface eth1 to go DOWN, resulting in routing adjacency loss.",95.0%,0.0
ALARM-81482,nms_event,2025-10-28T14:12:00,core-router-dc1,cpu,processor,NMS_ALARM,ALARM,CPU utilization exceeded 80% on core-router-dc1 — control plane risk,CORRELATED,,,,,0.0%,CORR-GRP-0011,nms_event|syslog,ALARM-81482|SYS-d561d7cba1|ALARM-21395|SYS-98f0ebee03,"The CPU utilization on core-router-dc1 exceeded 80% confirmed by NMS alarm and syslog, causing CPU sustaining >90% and punt path throttling, impacting control plane protection.",95.0%,0.0
ALARM-19116,nms_event,2025-10-28T14:13:00,access-switch-floor2,gi0/1,interface,NMS_ALARM,ALARM,CRITICAL: Interface Gi0/1 on access-switch-floor2 DOWN — no recovery. Outage declared.,CORRELATED,,,,,0.0%,CORR-GRP-0012,network_event|nms_event|syslog,NET-f50606efcb|SYS-8dfbb6ef64|ALARM-19116|NET-598f1e0c95,"The fault on access-switch-floor2 was detected by confirmed by NMS alarm, network telemetry, and syslog. The interface Gi0/1 experienced an outage with no carrier detected, impacting BGP sessions.",95.0%,0.7558
ALARM-93227,nms_event,2025-10-28T14:13:00,backbone-pe1,qos-policy,qos,NMS_ALARM,ALARM,QoS tail drop threshold exceeded on backbone-pe1 Gi0/1/0 — SLA breach imminent,CORRELATED,,,,,0.0%,CORR-GRP-0018,network_event|nms_event,NET-cecef6a294|ALARM-93227,"The QoS tail drop on Gi0/1/0 of backbone-pe1 was detected by both network telemetry (network_event) and NMS alarm (nms_event), indicating a significant network condition.",95.0%,0.8363
ALARM-16006,nms_event,2025-10-28T14:15:00,access-switch-floor2,routing,routing,NMS_ALARM,ALARM,Routing adjacency lost on access-switch-floor2 due to interface Gi0/1 failure,CORRELATED,,,,,0.0%,CORR-GRP-0013,network_event|nms_event,NET-e9c5ec36b0|ALARM-16006,"The OSPF neighbor adjacency loss on access-switch-floor2 was detected by both network telemetry (device telemetry) and NMS alarm, indicating a Gi0/1 interface failure.",95.0%,0.7591
ALARM-59797,nms_event,2025-10-28T14:16:00,edge-router-dc2,te0/0/0,interface,NMS_ALARM,ALARM,Interface utilization warning on Te0/0/0 at edge-router-dc2: 75% (threshold: 70%),CORRELATED,,,,,0.0%,CORR-GRP-0029,nms_event|syslog,SYS-1eefc8fa2e|ALARM-59797|SYS-acd8350dc0|ALARM-38221|SYS-539620eb37,"The high bandwidth utilization on interfaces Te0/0/0 and Te0/0/1 on edge-router-dc2 was detected by NMS alarm and syslog, indicating a potential network congestion issue.",95.0%,0.9353
ALARM-23238,nms_event,2025-10-28T14:17:00,firewall-dc1,cpu,processor,NMS_ALARM,ALARM,CPU sustaining >90% on firewall-dc1 — process sshd is top consumer,CORRELATED,,,,,0.0%,CORR-GRP-0025,nms_event|syslog,ALARM-40512|ALARM-23238|SYS-08a25beb30|ALARM-93320|ALARM-57819,"The CPU utilization exceeded 80% on firewall-dc1, confirmed by NMS alarm and syslog, which led to CPU sustaining >90% and eventually caused the interface eth1 to go DOWN, resulting in routing adjacency loss.",95.0%,0.8114
ALARM-21395,nms_event,2025-10-28T14:18:00,core-router-dc1,cpu,processor,NMS_ALARM,ALARM,CPU sustaining >90% on core-router-dc1 — process snmpd is top consumer,CORRELATED,,,,,0.0%,CORR-GRP-0011,nms_event|syslog,ALARM-81482|SYS-d561d7cba1|ALARM-21395|SYS-98f0ebee03,"The CPU utilization on core-router-dc1 exceeded 80% confirmed by NMS alarm and syslog, causing CPU sustaining >90% and punt path throttling, impacting control plane protection.",95.0%,0.7895
ALARM-38221,nms_event,2025-10-28T14:20:00,edge-router-dc2,te0/0/1,interface,NMS_ALARM,ALARM,Interface utilization warning on Te0/0/1 at edge-router-dc2: 75% (threshold: 70%),CORRELATED,,,,,0.0%,CORR-GRP-0029,nms_event|syslog,SYS-1eefc8fa2e|ALARM-59797|SYS-acd8350dc0|ALARM-38221|SYS-539620eb37,"The high bandwidth utilization on interfaces Te0/0/0 and Te0/0/1 on edge-router-dc2 was detected by NMS alarm and syslog, indicating a potential network congestion issue.",95.0%,0.9338
ALARM-97841,nms_event,2025-10-28T14:28:00,backbone-pe1,cpu,processor,NMS_ALARM,ALARM,CPU utilization exceeded 80% on backbone-pe1 — control plane risk,CORRELATED,,,,,0.0%,CORR-GRP-0019,nms_event|syslog,SYS-a783ec9254|ALARM-97841|SYS-2897744b29|SYS-a20fb62bc9,"The CPU utilization issue on backbone-pe1's cpu interface was detected by NMS alarm and syslog, indicating a CPU overload condition.",95.0%,0.893
ALARM-80284,nms_event,2025-10-28T14:30:00,access-switch-floor1,fa0/1,interface,NMS_ALARM,ALARM,CRITICAL: Interface Fa0/1 on access-switch-floor1 DOWN — no recovery. Outage declared.,CORRELATED,,,,,0.0%,CORR-GRP-0021,network_event|nms_event|syslog,NET-ec3552c9e7|SYS-ed8f36e463|ALARM-80284|NET-145aef0355,"The interface Fa0/1 on access-switch-floor1 experienced a failure, confirmed by NMS alarm, network telemetry, and syslog, indicating a critical outage with no carrier detected.",95.0%,0.7418
ALARM-93320,nms_event,2025-10-28T14:30:00,firewall-dc1,eth1,interface,NMS_ALARM,ALARM,CRITICAL: Interface eth1 on firewall-dc1 DOWN — no recovery. Outage declared.,CORRELATED,,,,,0.0%,CORR-GRP-0025,nms_event|syslog,ALARM-40512|ALARM-23238|SYS-08a25beb30|ALARM-93320|ALARM-57819,"The CPU utilization exceeded 80% on firewall-dc1, confirmed by NMS alarm and syslog, which led to CPU sustaining >90% and eventually caused the interface eth1 to go DOWN, resulting in routing adjacency loss.",95.0%,0.7571
ALARM-26361,nms_event,2025-10-28T14:32:00,access-switch-floor1,routing,routing,NMS_ALARM,ALARM,Routing adjacency lost on access-switch-floor1 due to interface Fa0/1 failure,CORRELATED,,,,,0.0%,CORR-GRP-0022,network_event|nms_event,NET-a1de516f7b|ALARM-26361,"The OSPF adjacency loss on access-switch-floor1 was detected by both network telemetry (device telemetry) and NMS alarm, indicating a failure on interface Fa0/1.",95.0%,0.7622
ALARM-57819,nms_event,2025-10-28T14:32:00,firewall-dc1,routing,routing,NMS_ALARM,ALARM,Routing adjacency lost on firewall-dc1 due to interface eth1 failure,CORRELATED,,,,,0.0%,CORR-GRP-0025,nms_event|syslog,ALARM-40512|ALARM-23238|SYS-08a25beb30|ALARM-93320|ALARM-57819,"The CPU utilization exceeded 80% on firewall-dc1, confirmed by NMS alarm and syslog, which led to CPU sustaining >90% and eventually caused the interface eth1 to go DOWN, resulting in routing adjacency loss.",95.0%,0.7261
ALARM-89131,nms_event,2025-10-28T14:33:00,access-switch-floor1,gi0/1,interface,NMS_ALARM,ALARM,Interface utilization warning on Gi0/1 at access-switch-floor1: 75% (threshold: 70%),CORRELATED,,,,,0.0%,CORR-GRP-0024,nms_event|syslog,SYS-ef6fbbb1f0|ALARM-89131|SYS-71dea2b83c,"The high bandwidth utilization on Gi0/1 at access-switch-floor1, confirmed by both NMS alarm and syslog, indicates a potential network congestion issue.",90.0%,0.9073
ALARM-44993,nms_event,2025-10-28T14:34:00,backbone-pe1,cpu,processor,NMS_ALARM,ALARM,CPU sustaining >90% on backbone-pe1 — process ospf is top consumer,CORRELATED,,,,,0.0%,CORR-GRP-0020,network_event|nms_event,ALARM-44993|NET-254686f2e8,"The CPU utilization on backbone-pe1's cpu interface exceeded 90% due to high OSPF process consumption, confirmed by both NMS alarm and network telemetry.",95.0%,0.0
ALARM-13478,nms_event,2025-10-28T14:38:00,core-router-dc2,cpu,processor,NMS_ALARM,ALARM,CPU utilization exceeded 80% on core-router-dc2 — control plane risk,CORRELATED,,,,,0.0%,CORR-GRP-0008,network_event|nms_event|syslog,ALARM-13478|ALARM-83563|SYS-c07b1d6d22|NET-a0fe7f43fc,"The CPU utilization on core-router-dc2 exceeded 80% and sustained above 90% for >5 minutes, confirmed by NMS alarm, network telemetry, and syslog. This indicates a control plane risk and protection activation.",95.0%,0.0
ALARM-38893,nms_event,2025-10-28T14:40:00,edge-router-dc1,cpu,processor,NMS_ALARM,ALARM,CPU utilization exceeded 80% on edge-router-dc1 — control plane risk,CORRELATED,,,,,0.0%,CORR-GRP-0004,nms_event|syslog,ALARM-38893|ALARM-68878|SYS-284914841b,"The CPU utilization exceeded 80% on edge-router-dc1, confirmed by NMS alarm and syslog, indicating a control plane risk. This was sustained at >90% with process fib-mgr as the top consumer, and further exacerbated by punt path throttling, which activated control plane protection.",95.0%,0.894
ALARM-48427,nms_event,2025-10-28T14:41:00,access-switch-floor2,fa0/1,interface,NMS_ALARM,ALARM,Packet drop alert on Fa0/1 at access-switch-floor2: 850 drops/min (threshold: 100/min),CORRELATED,,,,,0.0%,CORR-GRP-0015,network_event|nms_event,ALARM-48427|NET-438632a9b3|ALARM-92397|NET-05cedd275f,"The packet drop fault on access-switch-floor2's Fa0/1 interface was detected by NMS alarm and network telemetry, indicating a critical packet loss condition.",95.0%,0.0
ALARM-83563,nms_event,2025-10-28T14:44:00,core-router-dc2,cpu,processor,NMS_ALARM,ALARM,CPU sustaining >90% on core-router-dc2 — process netflow is top consumer,CORRELATED,,,,,0.0%,CORR-GRP-0008,network_event|nms_event|syslog,ALARM-13478|ALARM-83563|SYS-c07b1d6d22|NET-a0fe7f43fc,"The CPU utilization on core-router-dc2 exceeded 80% and sustained above 90% for >5 minutes, confirmed by NMS alarm, network telemetry, and syslog. This indicates a control plane risk and protection activation.",95.0%,0.8088
ALARM-92397,nms_event,2025-10-28T14:44:00,access-switch-floor2,qos-policy,qos,NMS_ALARM,ALARM,QoS tail drop threshold exceeded on access-switch-floor2 Fa0/1 — SLA breach imminent,CORRELATED,,,,,0.0%,CORR-GRP-0015,network_event|nms_event,ALARM-48427|NET-438632a9b3|ALARM-92397|NET-05cedd275f,"The packet drop fault on access-switch-floor2's Fa0/1 interface was detected by NMS alarm and network telemetry, indicating a critical packet loss condition.",95.0%,0.7507
ALARM-68878,nms_event,2025-10-28T14:46:00,edge-router-dc1,cpu,processor,NMS_ALARM,ALARM,CPU sustaining >90% on edge-router-dc1 — process fib-mgr is top consumer,CORRELATED,,,,,0.0%,CORR-GRP-0004,nms_event|syslog,ALARM-38893|ALARM-68878|SYS-284914841b,"The CPU utilization exceeded 80% on edge-router-dc1, confirmed by NMS alarm and syslog, indicating a control plane risk. This was sustained at >90% with process fib-mgr as the top consumer, and further exacerbated by punt path throttling, which activated control plane protection.",95.0%,0.8306
SYS-f9995b5ef3,syslog,2025-10-28T14:00:00,edge-router-dc1,te0/0/1,SYSLOG,SYSLOG,CRITICAL,%LINEPROTO-5-UPDOWN: Interface Te0/0/1 changed state to down — no carrier,CORRELATED,,,,,0.0%,CORR-GRP-0001,network_event|nms_event|syslog,NET-3a04206917|SYS-f9995b5ef3|ALARM-30926|NET-554199988f|ALARM-65392|SYS-c505645ae2,"The fault on edge-router-dc1 was detected by confirmed by NMS alarm, network telemetry, and syslog. The interface Te0/0/1 is DOWN, with no carrier detected, and this has cascading effects on routing and BGP sessions.",95.0%,0.8676
SYS-d96481a451,syslog,2025-10-28T14:01:00,core-router-dc1,gi0/1/0,SYSLOG,SYSLOG,WARNING,Input drops detected on Gi0/1/0: 120 packets dropped in last interval,CORRELATED,,,,,0.0%,CORR-GRP-0009,network_event|nms_event|syslog,SYS-d96481a451|ALARM-46048|SYS-7b0e806f09|NET-2f3e2f827a|SYS-682159a4ab|SYS-fe5714a958,"The packet drop fault on core-router-dc1's Gi0/1/0 interface was detected by NMS alarm, network telemetry, and syslog, indicating a critical packet loss condition with blackholing risk.",95.0%,0.0
SYS-64ccff2131,syslog,2025-10-28T14:01:00,edge-router-dc1,ospf,SYSLOG,SYSLOG,CRITICAL,"%OSPF-5-ADJCHG: Nbr isp-b-peer on Te0/0/1 from FULL to DOWN, Dead timer expired",CORRELATED,,,,,0.0%,CORR-GRP-0002,network_event|syslog,NET-c83034664b|SYS-64ccff2131|SYS-e33f2df69c,"The edge-router-dc1 experienced a network adjacency loss on Te0/0/1, confirmed by network telemetry (network_event) and syslog messages (SYS-64ccff2131, SYS-e33f2df69c), resulting in OSPF neighbor isp-b-peer going down and BGP adjacency dropping.",95.0%,0.7353
SYS-4bcef8e66c,syslog,2025-10-28T14:02:00,core-router-dc2,gi0/1/1,SYSLOG,SYSLOG,CRITICAL,%LINEPROTO-5-UPDOWN: Interface Gi0/1/1 changed state to down — no carrier,CORRELATED,,,,,0.0%,CORR-GRP-0005,network_event|nms_event|syslog,NET-ece4ddaf02|SYS-4bcef8e66c|ALARM-13905|NET-cb8abd3dcb|ALARM-22280|SYS-b53eb00bd8,"The fault on core-router-dc2 was detected by confirmed by NMS alarm, network telemetry, and syslog, with interface Gi0/1/1 experiencing an outage, no carrier detected, and BGP session failure.",95.0%,0.8747
SYS-e33f2df69c,syslog,2025-10-28T14:02:00,edge-router-dc1,bgp,SYSLOG,SYSLOG,CRITICAL,%BGP-5-ADJCHANGE: neighbor isp-b-peer Down — interface failure,CORRELATED,,,,,0.0%,CORR-GRP-0002,network_event|syslog,NET-c83034664b|SYS-64ccff2131|SYS-e33f2df69c,"The edge-router-dc1 experienced a network adjacency loss on Te0/0/1, confirmed by network telemetry (network_event) and syslog messages (SYS-64ccff2131, SYS-e33f2df69c), resulting in OSPF neighbor isp-b-peer going down and BGP adjacency dropping.",95.0%,0.7327
SYS-0c1bdc5ae8,syslog,2025-10-28T14:03:00,core-router-dc2,ospf,SYSLOG,SYSLOG,CRITICAL,"%OSPF-5-ADJCHG: Nbr core-router-dc1 on Gi0/1/1 from FULL to DOWN, Dead timer expired",UNIQUE,,,,,0.0%,,,,,0.0%,0.0
SYS-c40f458e20,syslog,2025-10-28T14:03:00,edge-router-dc1,device,SYSLOG,SYSLOG,WARNING,Failover route activated: traffic rerouted via secondary path on edge-router-dc1,UNIQUE,,,,,0.0%,,,,,0.0%,0.0
SYS-620ee437ba,syslog,2025-10-28T14:04:00,core-router-dc2,bgp,SYSLOG,SYSLOG,CRITICAL,%BGP-5-ADJCHANGE: neighbor core-router-dc1 Down — interface failure,CORRELATED,,,,,0.0%,CORR-GRP-0006,syslog,SYS-620ee437ba|SYS-f121897145,"The interface failure on core-router-dc2's bgp interface, detected by syslog, triggered a failover route activation, as confirmed by syslog, indicating a network condition of interface failure.",90.0%,0.0
SYS-2b4822ced3,syslog,2025-10-28T14:04:00,backbone-pe1,gi0/1/0,SYSLOG,SYSLOG,WARNING,Input drops detected on Gi0/1/0: 120 packets dropped in last interval,CORRELATED,,,,,0.0%,CORR-GRP-0017,network_event|nms_event|syslog,SYS-2b4822ced3|ALARM-89840|SYS-bfc5f0ab72|NET-681e28addc|SYS-9ba83800aa,"The fault on backbone-pe1 was detected by NMS alarm, network telemetry, and syslog, indicating a packet drop issue on Gi0/1/0, with input drops, packet loss, and QoS policy drops observed.",95.0%,0.0
SYS-f121897145,syslog,2025-10-28T14:05:00,core-router-dc2,device,SYSLOG,SYSLOG,WARNING,Failover route activated: traffic rerouted via secondary path on core-router-dc2,CORRELATED,,,,,0.0%,CORR-GRP-0006,syslog,SYS-620ee437ba|SYS-f121897145,"The interface failure on core-router-dc2's bgp interface, detected by syslog, triggered a failover route activation, as confirmed by syslog, indicating a network condition of interface failure.",90.0%,0.7392
SYS-c505645ae2,syslog,2025-10-28T14:05:00,edge-router-dc1,device,SYSLOG,SYSLOG,INFO,NOC ticket auto-created for interface Te0/0/1 outage on edge-router-dc1,CORRELATED,,,,,0.0%,CORR-GRP-0001,network_event|nms_event|syslog,NET-3a04206917|SYS-f9995b5ef3|ALARM-30926|NET-554199988f|ALARM-65392|SYS-c505645ae2,"The fault on edge-router-dc1 was detected by confirmed by NMS alarm, network telemetry, and syslog. The interface Te0/0/1 is DOWN, with no carrier detected, and this has cascading effects on routing and BGP sessions.",95.0%,0.7381
SYS-7109901f63,syslog,2025-10-28T14:05:00,edge-router-dc2,te0/0/0,SYSLOG,SYSLOG,INFO,Traffic rate on Te0/0/0 increasing: 55% of 10Gbps capacity,DUPLICATE,SYS-1eefc8fa2e,syslog,SYS-1eefc8fa2e|SYS-7109901f63|SYS-0b0030f6ed,"The high bandwidth utilization on edge-router-dc2's Te0/0/0 interface was detected by syslog within the same time window, indicating a link failure.",95.0%,,,,,0.0%,0.0
SYS-b53eb00bd8,syslog,2025-10-28T14:07:00,core-router-dc2,device,SYSLOG,SYSLOG,INFO,NOC ticket auto-created for interface Gi0/1/1 outage on core-router-dc2,CORRELATED,,,,,0.0%,CORR-GRP-0005,network_event|nms_event|syslog,NET-ece4ddaf02|SYS-4bcef8e66c|ALARM-13905|NET-cb8abd3dcb|ALARM-22280|SYS-b53eb00bd8,"The fault on core-router-dc2 was detected by confirmed by NMS alarm, network telemetry, and syslog, with interface Gi0/1/1 experiencing an outage, no carrier detected, and BGP session failure.",95.0%,0.7344
SYS-7b0e806f09,syslog,2025-10-28T14:09:00,core-router-dc1,gi0/1/0,SYSLOG,SYSLOG,WARNING,Output queue on Gi0/1/0 filling: 600 tail drops observed,CORRELATED,,,,,0.0%,CORR-GRP-0009,network_event|nms_event|syslog,SYS-d96481a451|ALARM-46048|SYS-7b0e806f09|NET-2f3e2f827a|SYS-682159a4ab|SYS-fe5714a958,"The packet drop fault on core-router-dc1's Gi0/1/0 interface was detected by NMS alarm, network telemetry, and syslog, indicating a critical packet loss condition with blackholing risk.",95.0%,0.8447
SYS-d15b23b24e,syslog,2025-10-28T14:09:00,edge-router-dc2,te0/0/1,SYSLOG,SYSLOG,INFO,Traffic rate on Te0/0/1 increasing: 55% of 10Gbps capacity,DUPLICATE,SYS-acd8350dc0,syslog,SYS-acd8350dc0|SYS-d15b23b24e|SYS-71d23d4636,"The high bandwidth utilization on edge-router-dc2's Te0/0/1 interface was detected by syslog, indicating a potential link failure.",95.0%,,,,,0.0%,0.0
SYS-938cefea8d,syslog,2025-10-28T14:10:00,firewall-dc1,cpu,SYSLOG,SYSLOG,WARNING,CPU utilization at 78% — BGP keepalive processing delayed,UNIQUE,,,,,0.0%,,,,,0.0%,0.0
SYS-0ea7b3296e,syslog,2025-10-28T14:11:00,core-router-dc1,cpu,SYSLOG,SYSLOG,WARNING,CPU utilization at 78% — BGP keepalive processing delayed,UNIQUE,,,,,0.0%,,,,,0.0%,0.0
SYS-8dfbb6ef64,syslog,2025-10-28T14:12:00,access-switch-floor2,gi0/1,SYSLOG,SYSLOG,CRITICAL,%LINEPROTO-5-UPDOWN: Interface Gi0/1 changed state to down — no carrier,CORRELATED,,,,,0.0%,CORR-GRP-0012,network_event|nms_event|syslog,NET-f50606efcb|SYS-8dfbb6ef64|ALARM-19116|NET-598f1e0c95,"The fault on access-switch-floor2 was detected by confirmed by NMS alarm, network telemetry, and syslog. The interface Gi0/1 experienced an outage with no carrier detected, impacting BGP sessions.",95.0%,0.8173
SYS-bfc5f0ab72,syslog,2025-10-28T14:12:00,backbone-pe1,gi0/1/0,SYSLOG,SYSLOG,WARNING,Output queue on Gi0/1/0 filling: 600 tail drops observed,CORRELATED,,,,,0.0%,CORR-GRP-0017,network_event|nms_event|syslog,SYS-2b4822ced3|ALARM-89840|SYS-bfc5f0ab72|NET-681e28addc|SYS-9ba83800aa,"The fault on backbone-pe1 was detected by NMS alarm, network telemetry, and syslog, indicating a packet drop issue on Gi0/1/0, with input drops, packet loss, and QoS policy drops observed.",95.0%,0.8371
SYS-682159a4ab,syslog,2025-10-28T14:13:00,core-router-dc1,qos,SYSLOG,SYSLOG,CRITICAL,QoS policy on Gi0/1/0: DSCP BE traffic dropped — 3000 pkts/sec,CORRELATED,,,,,0.0%,CORR-GRP-0009,network_event|nms_event|syslog,SYS-d96481a451|ALARM-46048|SYS-7b0e806f09|NET-2f3e2f827a|SYS-682159a4ab|SYS-fe5714a958,"The packet drop fault on core-router-dc1's Gi0/1/0 interface was detected by NMS alarm, network telemetry, and syslog, indicating a critical packet loss condition with blackholing risk.",95.0%,0.7291
SYS-b571c6fc40,syslog,2025-10-28T14:13:00,access-switch-floor2,ospf,SYSLOG,SYSLOG,CRITICAL,"%OSPF-5-ADJCHG: Nbr core-router-dc1 on Gi0/1 from FULL to DOWN, Dead timer expired",UNIQUE,,,,,0.0%,,,,,0.0%,0.0
SYS-b81fd9c4e9,syslog,2025-10-28T14:14:00,access-switch-floor2,bgp,SYSLOG,SYSLOG,CRITICAL,%BGP-5-ADJCHANGE: neighbor core-router-dc1 Down — interface failure,UNIQUE,,,,,0.0%,,,,,0.0%,0.0
SYS-1eefc8fa2e,syslog,2025-10-28T14:15:00,edge-router-dc2,te0/0/0,SYSLOG,SYSLOG,WARNING,Interface Te0/0/0 bandwidth utilization high: 75% — consider load balancing,CORRELATED,,,,,0.0%,CORR-GRP-0029,nms_event|syslog,SYS-1eefc8fa2e|ALARM-59797|SYS-acd8350dc0|ALARM-38221|SYS-539620eb37,"The high bandwidth utilization on interfaces Te0/0/0 and Te0/0/1 on edge-router-dc2 was detected by NMS alarm and syslog, indicating a potential network congestion issue.",95.0%,0.0
SYS-feeaadc406,syslog,2025-10-28T14:15:00,access-switch-floor2,device,SYSLOG,SYSLOG,WARNING,Failover route activated: traffic rerouted via secondary path on access-switch-floor2,CORRELATED,,,,,0.0%,CORR-GRP-0014,syslog,SYS-feeaadc406|SYS-c1ee908ba0|SYS-6cb4e6c89c,"The fault on access-switch-floor2 was detected by syslog, confirmed by the activation of a failover route, creation of a NOC ticket for Gi0/1 outage, and input drops on Fa0/1, indicating a network congestion or interface issue.",85.0%,0.0
SYS-7d52e80c13,syslog,2025-10-28T14:15:00,firewall-dc1,cpu,SYSLOG,SYSLOG,CRITICAL,CPU at 91% — process sshd in tight loop. Stack trace captured.,CORRELATED,,,,,0.0%,CORR-GRP-0026,syslog,SYS-7d52e80c13|SYS-51ee680957,"The CPU overload on firewall-dc1's cpu interface was detected by syslog, confirmed by the critical CPU usage at 91% and the subsequent normalization to 55% after the sshd process restarted.",90.0%,0.0
SYS-fe5714a958,syslog,2025-10-28T14:16:00,core-router-dc1,device,SYSLOG,SYSLOG,INFO,Backup traffic de-prioritized on core-router-dc1 to reduce packet drops,CORRELATED,,,,,0.0%,CORR-GRP-0009,network_event|nms_event|syslog,SYS-d96481a451|ALARM-46048|SYS-7b0e806f09|NET-2f3e2f827a|SYS-682159a4ab|SYS-fe5714a958,"The packet drop fault on core-router-dc1's Gi0/1/0 interface was detected by NMS alarm, network telemetry, and syslog, indicating a critical packet loss condition with blackholing risk.",95.0%,0.7619
SYS-d561d7cba1,syslog,2025-10-28T14:16:00,core-router-dc1,cpu,SYSLOG,SYSLOG,CRITICAL,CPU at 91% — process snmpd in tight loop. Stack trace captured.,CORRELATED,,,,,0.0%,CORR-GRP-0011,nms_event|syslog,ALARM-81482|SYS-d561d7cba1|ALARM-21395|SYS-98f0ebee03,"The CPU utilization on core-router-dc1 exceeded 80% confirmed by NMS alarm and syslog, causing CPU sustaining >90% and punt path throttling, impacting control plane protection.",95.0%,0.7218
SYS-9ba83800aa,syslog,2025-10-28T14:16:00,backbone-pe1,qos,SYSLOG,SYSLOG,CRITICAL,QoS policy on Gi0/1/0: DSCP BE traffic dropped — 3000 pkts/sec,CORRELATED,,,,,0.0%,CORR-GRP-0017,network_event|nms_event|syslog,SYS-2b4822ced3|ALARM-89840|SYS-bfc5f0ab72|NET-681e28addc|SYS-9ba83800aa,"The fault on backbone-pe1 was detected by NMS alarm, network telemetry, and syslog, indicating a packet drop issue on Gi0/1/0, with input drops, packet loss, and QoS policy drops observed.",95.0%,0.753
SYS-c1ee908ba0,syslog,2025-10-28T14:17:00,access-switch-floor2,device,SYSLOG,SYSLOG,INFO,NOC ticket auto-created for interface Gi0/1 outage on access-switch-floor2,CORRELATED,,,,,0.0%,CORR-GRP-0014,syslog,SYS-feeaadc406|SYS-c1ee908ba0|SYS-6cb4e6c89c,"The fault on access-switch-floor2 was detected by syslog, confirmed by the activation of a failover route, creation of a NOC ticket for Gi0/1 outage, and input drops on Fa0/1, indicating a network congestion or interface issue.",85.0%,0.7697
SYS-08a25beb30,syslog,2025-10-28T14:17:00,firewall-dc1,device,SYSLOG,SYSLOG,CRITICAL,Punt path throttled — control plane protection activated on firewall-dc1,CORRELATED,,,,,0.0%,CORR-GRP-0025,nms_event|syslog,ALARM-40512|ALARM-23238|SYS-08a25beb30|ALARM-93320|ALARM-57819,"The CPU utilization exceeded 80% on firewall-dc1, confirmed by NMS alarm and syslog, which led to CPU sustaining >90% and eventually caused the interface eth1 to go DOWN, resulting in routing adjacency loss.",95.0%,0.74
SYS-98f0ebee03,syslog,2025-10-28T14:18:00,core-router-dc1,device,SYSLOG,SYSLOG,CRITICAL,Punt path throttled — control plane protection activated on core-router-dc1,CORRELATED,,,,,0.0%,CORR-GRP-0011,nms_event|syslog,ALARM-81482|SYS-d561d7cba1|ALARM-21395|SYS-98f0ebee03,"The CPU utilization on core-router-dc1 exceeded 80% confirmed by NMS alarm and syslog, causing CPU sustaining >90% and punt path throttling, impacting control plane protection.",95.0%,0.7686
SYS-acd8350dc0,syslog,2025-10-28T14:19:00,edge-router-dc2,te0/0/1,SYSLOG,SYSLOG,WARNING,Interface Te0/0/1 bandwidth utilization high: 75% — consider load balancing,CORRELATED,,,,,0.0%,CORR-GRP-0029,nms_event|syslog,SYS-1eefc8fa2e|ALARM-59797|SYS-acd8350dc0|ALARM-38221|SYS-539620eb37,"The high bandwidth utilization on interfaces Te0/0/0 and Te0/0/1 on edge-router-dc2 was detected by NMS alarm and syslog, indicating a potential network congestion issue.",95.0%,0.9987
SYS-ebb822ab4c,syslog,2025-10-28T14:19:00,backbone-pe1,device,SYSLOG,SYSLOG,INFO,Backup traffic de-prioritized on backbone-pe1 to reduce packet drops,CORRELATED,,,,,0.0%,CORR-GRP-0017,network_event|nms_event|syslog,SYS-2b4822ced3|ALARM-89840|SYS-bfc5f0ab72|NET-681e28addc|SYS-9ba83800aa,"The fault on backbone-pe1 was detected by NMS alarm, network telemetry, and syslog, indicating a packet drop issue on Gi0/1/0, with input drops, packet loss, and QoS policy drops observed.",95.0%,0.8009
SYS-539620eb37,syslog,2025-10-28T14:20:00,edge-router-dc2,device,SYSLOG,SYSLOG,INFO,ECMP load balancing active on edge-router-dc2 — distributing traffic across uplinks,CORRELATED,,,,,0.0%,CORR-GRP-0029,nms_event|syslog,SYS-1eefc8fa2e|ALARM-59797|SYS-acd8350dc0|ALARM-38221|SYS-539620eb37,"The high bandwidth utilization on interfaces Te0/0/0 and Te0/0/1 on edge-router-dc2 was detected by NMS alarm and syslog, indicating a potential network congestion issue.",95.0%,0.8095
SYS-86be15b3ba,syslog,2025-10-28T14:22:00,access-switch-floor1,gi0/1,SYSLOG,SYSLOG,INFO,Traffic rate on Gi0/1 increasing: 55% of 10Gbps capacity,DUPLICATE,SYS-ef6fbbb1f0,syslog,SYS-ef6fbbb1f0|SYS-86be15b3ba|SYS-6e89ebb3dd,"The high bandwidth utilization on access-switch-floor1's Gi0/1 interface was detected by syslog within the same time window, indicating a duplicate event.",95.0%,,,,,0.0%,0.0
SYS-0b0030f6ed,syslog,2025-10-28T14:23:00,edge-router-dc2,te0/0/0,SYSLOG,SYSLOG,WARNING,Utilization on Te0/0/0 at 82% — backup traffic contributing to congestion,DUPLICATE,SYS-1eefc8fa2e,syslog,SYS-1eefc8fa2e|SYS-7109901f63|SYS-0b0030f6ed,"The high bandwidth utilization on edge-router-dc2's Te0/0/0 interface was detected by syslog within the same time window, indicating a link failure.",95.0%,,,,,0.0%,0.8965
SYS-55d5dc66fc,syslog,2025-10-28T14:24:00,edge-router-dc2,device,SYSLOG,SYSLOG,INFO,ECMP load balancing active on edge-router-dc2 — distributing traffic across uplinks,DUPLICATE,SYS-539620eb37,syslog,SYS-539620eb37|SYS-55d5dc66fc,"The ECMP load balancing active on edge-router-dc2 distributing traffic across uplinks was detected by syslog within the same time window, indicating a duplicate event.",100.0%,,,,,0.0%,1.0
SYS-71d23d4636,syslog,2025-10-28T14:27:00,edge-router-dc2,te0/0/1,SYSLOG,SYSLOG,WARNING,Utilization on Te0/0/1 at 82% — backup traffic contributing to congestion,DUPLICATE,SYS-acd8350dc0,syslog,SYS-acd8350dc0|SYS-d15b23b24e|SYS-71d23d4636,"The high bandwidth utilization on edge-router-dc2's Te0/0/1 interface was detected by syslog, indicating a potential link failure.",95.0%,,,,,0.0%,0.9003
SYS-51ee680957,syslog,2025-10-28T14:27:00,firewall-dc1,cpu,SYSLOG,SYSLOG,WARNING,CPU load normalizing: 55% after process sshd restarted,CORRELATED,,,,,0.0%,CORR-GRP-0026,syslog,SYS-7d52e80c13|SYS-51ee680957,"The CPU overload on firewall-dc1's cpu interface was detected by syslog, confirmed by the critical CPU usage at 91% and the subsequent normalization to 55% after the sshd process restarted.",90.0%,0.8728
SYS-a783ec9254,syslog,2025-10-28T14:27:00,backbone-pe1,cpu,SYSLOG,SYSLOG,WARNING,CPU utilization at 78% — BGP keepalive processing delayed,CORRELATED,,,,,0.0%,CORR-GRP-0019,nms_event|syslog,SYS-a783ec9254|ALARM-97841|SYS-2897744b29|SYS-a20fb62bc9,"The CPU utilization issue on backbone-pe1's cpu interface was detected by NMS alarm and syslog, indicating a CPU overload condition.",95.0%,0.0
SYS-f5fd801ff0,syslog,2025-10-28T14:28:00,core-router-dc1,cpu,SYSLOG,SYSLOG,WARNING,CPU load normalizing: 55% after process snmpd restarted,DUPLICATE,SYS-d561d7cba1,syslog,SYS-d561d7cba1|SYS-f5fd801ff0,"The CPU utilization spike on core-router-dc1/cpu was detected by syslog within the same time window, indicating a duplicate event.",95.0%,,,,,0.0%,0.9004
SYS-ed8f36e463,syslog,2025-10-28T14:29:00,access-switch-floor1,fa0/1,SYSLOG,SYSLOG,CRITICAL,%LINEPROTO-5-UPDOWN: Interface Fa0/1 changed state to down — no carrier,CORRELATED,,,,,0.0%,CORR-GRP-0021,network_event|nms_event|syslog,NET-ec3552c9e7|SYS-ed8f36e463|ALARM-80284|NET-145aef0355,"The interface Fa0/1 on access-switch-floor1 experienced a failure, confirmed by NMS alarm, network telemetry, and syslog, indicating a critical outage with no carrier detected.",95.0%,0.8079
SYS-58701e3f14,syslog,2025-10-28T14:29:00,firewall-dc1,eth1,SYSLOG,SYSLOG,CRITICAL,%LINEPROTO-5-UPDOWN: Interface eth1 changed state to down — no carrier,CORRELATED,,,,,0.0%,CORR-GRP-0027,network_event|syslog,NET-17aea8e4bd|SYS-58701e3f14|NET-4e0dc8a604|SYS-bca9b50aad,"The interface eth1 outage on firewall-dc1 was detected by network telemetry (network_event) and syslog, indicating a loss of carrier and BGP session issues.",95.0%,0.8583
SYS-5b120fe4bb,syslog,2025-10-28T14:30:00,access-switch-floor1,ospf,SYSLOG,SYSLOG,CRITICAL,"%OSPF-5-ADJCHG: Nbr workstation-101 on Fa0/1 from FULL to DOWN, Dead timer expired",UNIQUE,,,,,0.0%,,,,,0.0%,0.0
SYS-442decce6d,syslog,2025-10-28T14:30:00,firewall-dc1,ospf,SYSLOG,SYSLOG,CRITICAL,"%OSPF-5-ADJCHG: Nbr dmz-switch on eth1 from FULL to DOWN, Dead timer expired",CORRELATED,,,,,0.0%,CORR-GRP-0028,network_event|syslog,NET-3d3c3edf4b|SYS-442decce6d|SYS-8c6d59250f,"The OSPF adjacency loss on firewall-dc1's eth1 interface, confirmed by network telemetry (network_event) and syslog messages (SYS-442decce6d and SYS-8c6d59250f), indicates a network fault. The BGP neighbor dmz-switch went down due to interface failure.",95.0%,0.7224
SYS-ce2061584e,syslog,2025-10-28T14:31:00,access-switch-floor1,bgp,SYSLOG,SYSLOG,CRITICAL,%BGP-5-ADJCHANGE: neighbor workstation-101 Down — interface failure,CORRELATED,,,,,0.0%,CORR-GRP-0023,syslog,SYS-ce2061584e|SYS-c39a48d7b1,"The interface failure on access-switch-floor1's bgp interface, detected by syslog, triggered a failover route activation, as confirmed by syslog, indicating a network condition of interface failure.",90.0%,0.0
SYS-8c6d59250f,syslog,2025-10-28T14:31:00,firewall-dc1,bgp,SYSLOG,SYSLOG,CRITICAL,%BGP-5-ADJCHANGE: neighbor dmz-switch Down — interface failure,CORRELATED,,,,,0.0%,CORR-GRP-0028,network_event|syslog,NET-3d3c3edf4b|SYS-442decce6d|SYS-8c6d59250f,"The OSPF adjacency loss on firewall-dc1's eth1 interface, confirmed by network telemetry (network_event) and syslog messages (SYS-442decce6d and SYS-8c6d59250f), indicates a network fault. The BGP neighbor dmz-switch went down due to interface failure.",95.0%,0.7254
SYS-ef6fbbb1f0,syslog,2025-10-28T14:32:00,access-switch-floor1,gi0/1,SYSLOG,SYSLOG,WARNING,Interface Gi0/1 bandwidth utilization high: 75% — consider load balancing,CORRELATED,,,,,0.0%,CORR-GRP-0024,nms_event|syslog,SYS-ef6fbbb1f0|ALARM-89131|SYS-71dea2b83c,"The high bandwidth utilization on Gi0/1 at access-switch-floor1, confirmed by both NMS alarm and syslog, indicates a potential network congestion issue.",90.0%,0.0
SYS-c39a48d7b1,syslog,2025-10-28T14:32:00,access-switch-floor1,device,SYSLOG,SYSLOG,WARNING,Failover route activated: traffic rerouted via secondary path on access-switch-floor1,CORRELATED,,,,,0.0%,CORR-GRP-0023,syslog,SYS-ce2061584e|SYS-c39a48d7b1,"The interface failure on access-switch-floor1's bgp interface, detected by syslog, triggered a failover route activation, as confirmed by syslog, indicating a network condition of interface failure.",90.0%,0.7202
SYS-c64a4055cf,syslog,2025-10-28T14:32:00,firewall-dc1,device,SYSLOG,SYSLOG,WARNING,Failover route activated: traffic rerouted via secondary path on firewall-dc1,UNIQUE,,,,,0.0%,,,,,0.0%,0.0
SYS-2897744b29,syslog,2025-10-28T14:32:00,backbone-pe1,cpu,SYSLOG,SYSLOG,CRITICAL,CPU at 91% — process ospf in tight loop. Stack trace captured.,CORRELATED,,,,,0.0%,CORR-GRP-0019,nms_event|syslog,SYS-a783ec9254|ALARM-97841|SYS-2897744b29|SYS-a20fb62bc9,"The CPU utilization issue on backbone-pe1's cpu interface was detected by NMS alarm and syslog, indicating a CPU overload condition.",95.0%,0.7382
SYS-ce51392389,syslog,2025-10-28T14:34:00,access-switch-floor1,device,SYSLOG,SYSLOG,INFO,NOC ticket auto-created for interface Fa0/1 outage on access-switch-floor1,UNIQUE,,,,,0.0%,,,,,0.0%,0.0
SYS-bca9b50aad,syslog,2025-10-28T14:34:00,firewall-dc1,device,SYSLOG,SYSLOG,INFO,NOC ticket auto-created for interface eth1 outage on firewall-dc1,CORRELATED,,,,,0.0%,CORR-GRP-0027,network_event|syslog,NET-17aea8e4bd|SYS-58701e3f14|NET-4e0dc8a604|SYS-bca9b50aad,"The interface eth1 outage on firewall-dc1 was detected by network telemetry (network_event) and syslog, indicating a loss of carrier and BGP session issues.",95.0%,0.7328
SYS-dd76f82d24,syslog,2025-10-28T14:34:00,backbone-pe1,device,SYSLOG,SYSLOG,CRITICAL,Punt path throttled — control plane protection activated on backbone-pe1,CORRELATED,,,,,0.0%,CORR-GRP-0017,network_event|nms_event|syslog,SYS-2b4822ced3|ALARM-89840|SYS-bfc5f0ab72|NET-681e28addc|SYS-9ba83800aa,"The fault on backbone-pe1 was detected by NMS alarm, network telemetry, and syslog, indicating a packet drop issue on Gi0/1/0, with input drops, packet loss, and QoS policy drops observed.",95.0%,0.7495
SYS-6cb4e6c89c,syslog,2025-10-28T14:35:00,access-switch-floor2,fa0/1,SYSLOG,SYSLOG,WARNING,Input drops detected on Fa0/1: 120 packets dropped in last interval,CORRELATED,,,,,0.0%,CORR-GRP-0014,syslog,SYS-feeaadc406|SYS-c1ee908ba0|SYS-6cb4e6c89c,"The fault on access-switch-floor2 was detected by syslog, confirmed by the activation of a failover route, creation of a NOC ticket for Gi0/1 outage, and input drops on Fa0/1, indicating a network congestion or interface issue.",85.0%,0.7244
SYS-97887cd0fe,syslog,2025-10-28T14:37:00,core-router-dc2,cpu,SYSLOG,SYSLOG,WARNING,CPU utilization at 78% — BGP keepalive processing delayed,CORRELATED,,,,,0.0%,CORR-GRP-0007,syslog,SYS-97887cd0fe|SYS-e7aaf4bfce,"The CPU utilization issue on core-router-dc2's cpu interface was detected by syslog, causing BGP keepalive processing delays and eventually leading to a critical CPU usage condition.",85.0%,0.0
SYS-71dea2b83c,syslog,2025-10-28T14:37:00,access-switch-floor1,device,SYSLOG,SYSLOG,INFO,ECMP load balancing active on access-switch-floor1 — distributing traffic across uplinks,CORRELATED,,,,,0.0%,CORR-GRP-0024,nms_event|syslog,SYS-ef6fbbb1f0|ALARM-89131|SYS-71dea2b83c,"The high bandwidth utilization on Gi0/1 at access-switch-floor1, confirmed by both NMS alarm and syslog, indicates a potential network congestion issue.",90.0%,0.7814
SYS-ceccb614d9,syslog,2025-10-28T14:39:00,edge-router-dc1,cpu,SYSLOG,SYSLOG,WARNING,CPU utilization at 78% — BGP keepalive processing delayed,CORRELATED,,,,,0.0%,CORR-GRP-0003,syslog,SYS-ceccb614d9|SYS-fff8586fff,"The CPU utilization issue on edge-router-dc1's cpu interface was detected by syslog, with CPU usage peaking at 78% and then 91%, indicating a potential process-related fault.",85.0%,0.0
SYS-6e89ebb3dd,syslog,2025-10-28T14:40:00,access-switch-floor1,gi0/1,SYSLOG,SYSLOG,WARNING,Utilization on Gi0/1 at 82% — backup traffic contributing to congestion,DUPLICATE,SYS-ef6fbbb1f0,syslog,SYS-ef6fbbb1f0|SYS-86be15b3ba|SYS-6e89ebb3dd,"The high bandwidth utilization on access-switch-floor1's Gi0/1 interface was detected by syslog within the same time window, indicating a duplicate event.",95.0%,,,,,0.0%,0.9122
SYS-e7aaf4bfce,syslog,2025-10-28T14:42:00,core-router-dc2,cpu,SYSLOG,SYSLOG,CRITICAL,CPU at 91% — process netflow in tight loop. Stack trace captured.,CORRELATED,,,,,0.0%,CORR-GRP-0007,syslog,SYS-97887cd0fe|SYS-e7aaf4bfce,"The CPU utilization issue on core-router-dc2's cpu interface was detected by syslog, causing BGP keepalive processing delays and eventually leading to a critical CPU usage condition.",85.0%,0.7407
SYS-f5156cef78,syslog,2025-10-28T14:43:00,access-switch-floor2,fa0/1,SYSLOG,SYSLOG,WARNING,Output queue on Fa0/1 filling: 600 tail drops observed,CORRELATED,,,,,0.0%,CORR-GRP-0016,syslog,SYS-f5156cef78|SYS-c39246324e,"The access-switch-floor2 experienced a network congestion issue, confirmed by syslog, which caused the output queue on Fa0/1 to fill, resulting in 600 tail drops. This was likely triggered by a sudden increase in traffic, which was then de-prioritized to reduce packet drops.",85.0%,0.0
SYS-c07b1d6d22,syslog,2025-10-28T14:44:00,core-router-dc2,device,SYSLOG,SYSLOG,CRITICAL,Punt path throttled — control plane protection activated on core-router-dc2,CORRELATED,,,,,0.0%,CORR-GRP-0008,network_event|nms_event|syslog,ALARM-13478|ALARM-83563|SYS-c07b1d6d22|NET-a0fe7f43fc,"The CPU utilization on core-router-dc2 exceeded 80% and sustained above 90% for >5 minutes, confirmed by NMS alarm, network telemetry, and syslog. This indicates a control plane risk and protection activation.",95.0%,0.7614
SYS-fff8586fff,syslog,2025-10-28T14:44:00,edge-router-dc1,cpu,SYSLOG,SYSLOG,CRITICAL,CPU at 91% — process fib-mgr in tight loop. Stack trace captured.,CORRELATED,,,,,0.0%,CORR-GRP-0003,syslog,SYS-ceccb614d9|SYS-fff8586fff,"The CPU utilization issue on edge-router-dc1's cpu interface was detected by syslog, with CPU usage peaking at 78% and then 91%, indicating a potential process-related fault.",85.0%,0.7457
SYS-a20fb62bc9,syslog,2025-10-28T14:44:00,backbone-pe1,cpu,SYSLOG,SYSLOG,WARNING,CPU load normalizing: 55% after process ospf restarted,CORRELATED,,,,,0.0%,CORR-GRP-0019,nms_event|syslog,SYS-a783ec9254|ALARM-97841|SYS-2897744b29|SYS-a20fb62bc9,"The CPU utilization issue on backbone-pe1's cpu interface was detected by NMS alarm and syslog, indicating a CPU overload condition.",95.0%,0.722
SYS-284914841b,syslog,2025-10-28T14:46:00,edge-router-dc1,device,SYSLOG,SYSLOG,CRITICAL,Punt path throttled — control plane protection activated on edge-router-dc1,CORRELATED,,,,,0.0%,CORR-GRP-0004,nms_event|syslog,ALARM-38893|ALARM-68878|SYS-284914841b,"The CPU utilization exceeded 80% on edge-router-dc1, confirmed by NMS alarm and syslog, indicating a control plane risk. This was sustained at >90% with process fib-mgr as the top consumer, and further exacerbated by punt path throttling, which activated control plane protection.",95.0%,0.776
SYS-eedfb4e039,syslog,2025-10-28T14:47:00,access-switch-floor2,qos,SYSLOG,SYSLOG,CRITICAL,QoS policy on Fa0/1: DSCP BE traffic dropped — 3000 pkts/sec,UNIQUE,,,,,0.0%,,,,,0.0%,0.0
SYS-c39246324e,syslog,2025-10-28T14:50:00,access-switch-floor2,device,SYSLOG,SYSLOG,INFO,Backup traffic de-prioritized on access-switch-floor2 to reduce packet drops,CORRELATED,,,,,0.0%,CORR-GRP-0016,syslog,SYS-f5156cef78|SYS-c39246324e,"The access-switch-floor2 experienced a network congestion issue, confirmed by syslog, which caused the output queue on Fa0/1 to fill, resulting in 600 tail drops. This was likely triggered by a sudden increase in traffic, which was then de-prioritized to reduce packet drops.",85.0%,0.7833
SYS-e3e293f972,syslog,2025-10-28T14:54:00,core-router-dc2,cpu,SYSLOG,SYSLOG,WARNING,CPU load normalizing: 55% after process netflow restarted,UNIQUE,,,,,0.0%,,,,,0.0%,0.0
SYS-07f861f563,syslog,2025-10-28T14:56:00,edge-router-dc1,cpu,SYSLOG,SYSLOG,WARNING,CPU load normalizing: 55% after process fib-mgr restarted,DUPLICATE,SYS-fff8586fff,syslog,SYS-fff8586fff|SYS-07f861f563,"The CPU load spike on edge-router-dc1/cpu was detected by syslog within the same time window, indicating a duplicate event.",95.0%,,,,,0.0%,0.8962
