timestamp,device,res_name,severity,message,scenario
2025-10-28T14:00:00Z,edge-router-dc1,Te0/0/1,critical,%LINEPROTO-5-UPDOWN: Interface Te0/0/1 changed state to down — no carrier,INTERFACE_DOWN
2025-10-28T14:01:00Z,core-router-dc1,Gi0/1/0,warning,Input drops detected on Gi0/1/0: 120 packets dropped in last interval,PACKET_DROP
2025-10-28T14:01:00Z,edge-router-dc1,OSPF,critical,"%OSPF-5-ADJCHG: Nbr isp-b-peer on Te0/0/1 from FULL to DOWN, Dead timer expired",INTERFACE_DOWN
2025-10-28T14:02:00Z,core-router-dc2,Gi0/1/1,critical,%LINEPROTO-5-UPDOWN: Interface Gi0/1/1 changed state to down — no carrier,INTERFACE_DOWN
2025-10-28T14:02:00Z,edge-router-dc1,BGP,critical,%BGP-5-ADJCHANGE: neighbor isp-b-peer Down — interface failure,INTERFACE_DOWN
2025-10-28T14:03:00Z,core-router-dc2,OSPF,critical,"%OSPF-5-ADJCHG: Nbr core-router-dc1 on Gi0/1/1 from FULL to DOWN, Dead timer expired",INTERFACE_DOWN
2025-10-28T14:03:00Z,edge-router-dc1,device,warning,Failover route activated: traffic rerouted via secondary path on edge-router-dc1,INTERFACE_DOWN
2025-10-28T14:04:00Z,core-router-dc2,BGP,critical,%BGP-5-ADJCHANGE: neighbor core-router-dc1 Down — interface failure,INTERFACE_DOWN
2025-10-28T14:04:00Z,backbone-pe1,Gi0/1/0,warning,Input drops detected on Gi0/1/0: 120 packets dropped in last interval,PACKET_DROP
2025-10-28T14:05:00Z,core-router-dc2,device,warning,Failover route activated: traffic rerouted via secondary path on core-router-dc2,INTERFACE_DOWN
2025-10-28T14:05:00Z,edge-router-dc1,device,info,NOC ticket auto-created for interface Te0/0/1 outage on edge-router-dc1,INTERFACE_DOWN
2025-10-28T14:05:00Z,edge-router-dc2,Te0/0/0,info,Traffic rate on Te0/0/0 increasing: 55% of 10Gbps capacity,HIGH_UTIL_WARNING
2025-10-28T14:07:00Z,core-router-dc2,device,info,NOC ticket auto-created for interface Gi0/1/1 outage on core-router-dc2,INTERFACE_DOWN
2025-10-28T14:09:00Z,core-router-dc1,Gi0/1/0,warning,Output queue on Gi0/1/0 filling: 600 tail drops observed,PACKET_DROP
2025-10-28T14:09:00Z,edge-router-dc2,Te0/0/1,info,Traffic rate on Te0/0/1 increasing: 55% of 10Gbps capacity,HIGH_UTIL_WARNING
2025-10-28T14:10:00Z,firewall-dc1,CPU,warning,CPU utilization at 78% — BGP keepalive processing delayed,HIGH_CPU
2025-10-28T14:11:00Z,core-router-dc1,CPU,warning,CPU utilization at 78% — BGP keepalive processing delayed,HIGH_CPU
2025-10-28T14:12:00Z,access-switch-floor2,Gi0/1,critical,%LINEPROTO-5-UPDOWN: Interface Gi0/1 changed state to down — no carrier,INTERFACE_DOWN
2025-10-28T14:12:00Z,backbone-pe1,Gi0/1/0,warning,Output queue on Gi0/1/0 filling: 600 tail drops observed,PACKET_DROP
2025-10-28T14:13:00Z,core-router-dc1,QoS,critical,QoS policy on Gi0/1/0: DSCP BE traffic dropped — 3000 pkts/sec,PACKET_DROP
2025-10-28T14:13:00Z,access-switch-floor2,OSPF,critical,"%OSPF-5-ADJCHG: Nbr core-router-dc1 on Gi0/1 from FULL to DOWN, Dead timer expired",INTERFACE_DOWN
2025-10-28T14:14:00Z,access-switch-floor2,BGP,critical,%BGP-5-ADJCHANGE: neighbor core-router-dc1 Down — interface failure,INTERFACE_DOWN
2025-10-28T14:15:00Z,edge-router-dc2,Te0/0/0,warning,Interface Te0/0/0 bandwidth utilization high: 75% — consider load balancing,HIGH_UTIL_WARNING
2025-10-28T14:15:00Z,access-switch-floor2,device,warning,Failover route activated: traffic rerouted via secondary path on access-switch-floor2,INTERFACE_DOWN
2025-10-28T14:15:00Z,firewall-dc1,CPU,critical,CPU at 91% — process sshd in tight loop. Stack trace captured.,HIGH_CPU
2025-10-28T14:16:00Z,core-router-dc1,device,info,Backup traffic de-prioritized on core-router-dc1 to reduce packet drops,PACKET_DROP
2025-10-28T14:16:00Z,core-router-dc1,CPU,critical,CPU at 91% — process snmpd in tight loop. Stack trace captured.,HIGH_CPU
2025-10-28T14:16:00Z,backbone-pe1,QoS,critical,QoS policy on Gi0/1/0: DSCP BE traffic dropped — 3000 pkts/sec,PACKET_DROP
2025-10-28T14:17:00Z,access-switch-floor2,device,info,NOC ticket auto-created for interface Gi0/1 outage on access-switch-floor2,INTERFACE_DOWN
2025-10-28T14:17:00Z,firewall-dc1,device,critical,Punt path throttled — control plane protection activated on firewall-dc1,HIGH_CPU
2025-10-28T14:18:00Z,core-router-dc1,device,critical,Punt path throttled — control plane protection activated on core-router-dc1,HIGH_CPU
2025-10-28T14:19:00Z,edge-router-dc2,Te0/0/1,warning,Interface Te0/0/1 bandwidth utilization high: 75% — consider load balancing,HIGH_UTIL_WARNING
2025-10-28T14:19:00Z,backbone-pe1,device,info,Backup traffic de-prioritized on backbone-pe1 to reduce packet drops,PACKET_DROP
2025-10-28T14:20:00Z,edge-router-dc2,device,info,ECMP load balancing active on edge-router-dc2 — distributing traffic across uplinks,HIGH_UTIL_WARNING
2025-10-28T14:22:00Z,access-switch-floor1,Gi0/1,info,Traffic rate on Gi0/1 increasing: 55% of 10Gbps capacity,HIGH_UTIL_WARNING
2025-10-28T14:23:00Z,edge-router-dc2,Te0/0/0,warning,Utilization on Te0/0/0 at 82% — backup traffic contributing to congestion,HIGH_UTIL_WARNING
2025-10-28T14:24:00Z,edge-router-dc2,device,info,ECMP load balancing active on edge-router-dc2 — distributing traffic across uplinks,HIGH_UTIL_WARNING
2025-10-28T14:27:00Z,edge-router-dc2,Te0/0/1,warning,Utilization on Te0/0/1 at 82% — backup traffic contributing to congestion,HIGH_UTIL_WARNING
2025-10-28T14:27:00Z,firewall-dc1,CPU,warning,CPU load normalizing: 55% after process sshd restarted,HIGH_CPU
2025-10-28T14:27:00Z,backbone-pe1,CPU,warning,CPU utilization at 78% — BGP keepalive processing delayed,HIGH_CPU
2025-10-28T14:28:00Z,core-router-dc1,CPU,warning,CPU load normalizing: 55% after process snmpd restarted,HIGH_CPU
2025-10-28T14:29:00Z,access-switch-floor1,Fa0/1,critical,%LINEPROTO-5-UPDOWN: Interface Fa0/1 changed state to down — no carrier,INTERFACE_DOWN
2025-10-28T14:29:00Z,firewall-dc1,eth1,critical,%LINEPROTO-5-UPDOWN: Interface eth1 changed state to down — no carrier,INTERFACE_DOWN
2025-10-28T14:30:00Z,access-switch-floor1,OSPF,critical,"%OSPF-5-ADJCHG: Nbr workstation-101 on Fa0/1 from FULL to DOWN, Dead timer expired",INTERFACE_DOWN
2025-10-28T14:30:00Z,firewall-dc1,OSPF,critical,"%OSPF-5-ADJCHG: Nbr dmz-switch on eth1 from FULL to DOWN, Dead timer expired",INTERFACE_DOWN
2025-10-28T14:31:00Z,access-switch-floor1,BGP,critical,%BGP-5-ADJCHANGE: neighbor workstation-101 Down — interface failure,INTERFACE_DOWN
2025-10-28T14:31:00Z,firewall-dc1,BGP,critical,%BGP-5-ADJCHANGE: neighbor dmz-switch Down — interface failure,INTERFACE_DOWN
2025-10-28T14:32:00Z,access-switch-floor1,Gi0/1,warning,Interface Gi0/1 bandwidth utilization high: 75% — consider load balancing,HIGH_UTIL_WARNING
2025-10-28T14:32:00Z,access-switch-floor1,device,warning,Failover route activated: traffic rerouted via secondary path on access-switch-floor1,INTERFACE_DOWN
2025-10-28T14:32:00Z,firewall-dc1,device,warning,Failover route activated: traffic rerouted via secondary path on firewall-dc1,INTERFACE_DOWN
2025-10-28T14:32:00Z,backbone-pe1,CPU,critical,CPU at 91% — process ospf in tight loop. Stack trace captured.,HIGH_CPU
2025-10-28T14:34:00Z,access-switch-floor1,device,info,NOC ticket auto-created for interface Fa0/1 outage on access-switch-floor1,INTERFACE_DOWN
2025-10-28T14:34:00Z,firewall-dc1,device,info,NOC ticket auto-created for interface eth1 outage on firewall-dc1,INTERFACE_DOWN
2025-10-28T14:34:00Z,backbone-pe1,device,critical,Punt path throttled — control plane protection activated on backbone-pe1,HIGH_CPU
2025-10-28T14:35:00Z,access-switch-floor2,Fa0/1,warning,Input drops detected on Fa0/1: 120 packets dropped in last interval,PACKET_DROP
2025-10-28T14:37:00Z,core-router-dc2,CPU,warning,CPU utilization at 78% — BGP keepalive processing delayed,HIGH_CPU
2025-10-28T14:37:00Z,access-switch-floor1,device,info,ECMP load balancing active on access-switch-floor1 — distributing traffic across uplinks,HIGH_UTIL_WARNING
2025-10-28T14:39:00Z,edge-router-dc1,CPU,warning,CPU utilization at 78% — BGP keepalive processing delayed,HIGH_CPU
2025-10-28T14:40:00Z,access-switch-floor1,Gi0/1,warning,Utilization on Gi0/1 at 82% — backup traffic contributing to congestion,HIGH_UTIL_WARNING
2025-10-28T14:42:00Z,core-router-dc2,CPU,critical,CPU at 91% — process netflow in tight loop. Stack trace captured.,HIGH_CPU
2025-10-28T14:43:00Z,access-switch-floor2,Fa0/1,warning,Output queue on Fa0/1 filling: 600 tail drops observed,PACKET_DROP
2025-10-28T14:44:00Z,core-router-dc2,device,critical,Punt path throttled — control plane protection activated on core-router-dc2,HIGH_CPU
2025-10-28T14:44:00Z,edge-router-dc1,CPU,critical,CPU at 91% — process fib-mgr in tight loop. Stack trace captured.,HIGH_CPU
2025-10-28T14:44:00Z,backbone-pe1,CPU,warning,CPU load normalizing: 55% after process ospf restarted,HIGH_CPU
2025-10-28T14:46:00Z,edge-router-dc1,device,critical,Punt path throttled — control plane protection activated on edge-router-dc1,HIGH_CPU
2025-10-28T14:47:00Z,access-switch-floor2,QoS,critical,QoS policy on Fa0/1: DSCP BE traffic dropped — 3000 pkts/sec,PACKET_DROP
2025-10-28T14:50:00Z,access-switch-floor2,device,info,Backup traffic de-prioritized on access-switch-floor2 to reduce packet drops,PACKET_DROP
2025-10-28T14:54:00Z,core-router-dc2,CPU,warning,CPU load normalizing: 55% after process netflow restarted,HIGH_CPU
2025-10-28T14:56:00Z,edge-router-dc1,CPU,warning,CPU load normalizing: 55% after process fib-mgr restarted,HIGH_CPU
